165,0,"(.*)U Browser(\d+\.[\.\d]+)","['browser','name','version']","['U Browser','U Browser','$2']"
163,0,"(.*)Vast Browser/(\d+\.[\.\d]+)","['browser','name','version']","['Vast Browser','Vast Browser','$2']"
410,0,"(?!.*Opera[ /])Firefox(?:[ /](\d+[\.\d]+))?","['browser','name','version']","['Firefox','Firefox','$1']"
612,0,"(?!^AppleCoreMedia/1\.0\.0)(?:iPod|(?<!Apple TV; U; CPU )iPhone|iPad)","['browser','name','version']","['Safari','Mobile Safari','']"
528,0,"(?: wv\)|Version/).* Chrome(?:/(\d+[\.\d]+))?","['browser','name','version']","['Chrome Webview','Chrome Webview','$1']"
451,0,"(?:(?:BD)?Spark(?:Safe)?|BIDUBrowser)[/ ](\d+[\.\d]*)","['browser','name','version']","['Baidu Spark','Baidu Spark','$1']"
610,0,"(?:(?:iPod|iPad|iPhone).+Version|MobileSafari)/(\d+[\.\d]+)","['browser','name','version']","['Safari','Mobile Safari','$1']"
282,0,"(?:AirWatch Browser v|AirWatchBrowser/)(?:(\d+[\.\d]+))?","['browser','name','version']","['VMware AirWatch','VMware AirWatch','$1']"
359,0,"(?:Avast(?:SecureBrowser)?|ASW|Safer)(?:/(\d+[\.\d]+))?","['browser','name','version']","['Avast Secure Browser','Avast Secure Browser','$1']"
411,0,"(?:BonEcho|GranParadiso|Lorentz|Minefield|Namoroka|Shiretoko)[ /](\d+[\.\d]+)","['browser','name','version']","['Firefox','Firefox','$1']"
446,0,"(?:Comodo[ _])?Dragon/(\d+[\.\d]+)","['browser','name','version']","['Comodo Dragon','Comodo Dragon','$1']"
479,0,"(?:DDG-Android-|DuckDuckGo/|ddg_android/)(\d+[\.\d]*)","['browser','name','version']","['DuckDuckGo Privacy Browser','DuckDuckGo Privacy Browser','$1']"
208,0,"(?:DeledaoPersonal|DeledaoFamily)/(\d+[\.\d]+)","['browser','name','version']","['Deledao','Deledao','$1']"
421,0,"(?:Dooble)(?:[/ ](\d+[\.\d]+))?","['browser','name','version']","['Dooble','Dooble','$1']"
414,0,"(?:Espial|Escape)(?:[/ ](\d+[\.\d]+))?","['browser','name','version']","['Espial TV Browser','Espial TV Browser','$1']"
391,0,"(?:Focus|Klar)(?:/(\d+[\.\d]+))","['browser','name','version']","['Firefox Focus','Firefox Focus','$1']"
567,0,"(?:Google Earth Pro|Google%20Earth%20Pro)(?:/(\d+[\.\d]+))?","['browser','name','version']","['Google Earth Pro','Google Earth Pro','$1']"
117,0,"(?:IOS)?TrueLocationBrowser/(\d+\.[\.\d]+)","['browser','name','version']","['TrueLocation Browser','TrueLocation Browser','$1']"
252,0,"(?:Kode(?:iOS)?/(?:(\d+[\.\d]+))?|TansoDL)","['browser','name','version']","['Kode Browser','Kode Browser','$1']"
91,0,"(?:Ladybird|LibWeb\+LibJS/.*Browser)/(\d+\.[\.\d]+)","['browser','name','version']","['Ladybird','Ladybird','$1']"
477,0,"(?:MIUIBrowser|MiuiBrowser)(?:/(\d+[\.\d]+))?","['browser','name','version']","['MIUI Browser','MIUI Browser','$1']"
464,0,"(?:Maxthon(?:%20Browser)?|MxBrowser(?:-inhouse|-iPhone)?|MXiOS)[ /](\d+[\.\d]+)?","['browser','name','version']","['Maxthon','Maxthon','$1']"
465,0,"(?:Maxthon|MyIE2)","['browser','name','version']","['Maxthon','Maxthon','']"
407,0,"(?:Mobile|Tablet).*Firefox(?:/(\d+[\.\d]+))?","['browser','name','version']","['Firefox Mobile','Firefox Mobile','$1']"
406,0,"(?:Mobile|Tablet).*Servo.*Firefox(?:/(\d+[\.\d]+))?","['browser','name','version']","['Firefox Mobile','Firefox Mobile','$1']"
418,0,"(?:Navigator|Netscape6?)(?:/(\d+[\.\d]+))?","['browser','name','version']","['Netscape','Netscape','$1']"
511,0,"(?:NokiaBrowser|BrowserNG|WicKed)(?:/(\d+[\.\d]+))?","['browser','name','version']","['Nokia Browser','Nokia Browser','$1']"
121,0,"(?:Novarra-Vision|Vision-Browser)(?:/(\d+[\.\d]+))?","['browser','name','version']","['Vision Mobile Browser','Vision Mobile Browser','$1']"
8,0,"(?:OPR|Opera)/\d+","['browser']","['Opera']"
428,0,"(?:Opera Tablet.*Version|Opera/.+(?<!SymbOS; )Opera Mobi.+Version|Mobile.+OPR)/(\d+[\.\d]+)","['browser','name','version']","['Opera Mobile','Opera Mobile','$1']"
441,0,"(?:Opera[/ ]?|OPR[/ ])(?:9\.80.*Version/)?(\d+[\.\d]+)","['browser','name','version']","['Opera','Opera','$1']"
440,0,"(?:Opera|OPR)[/ ](?:9\.80.*Version/)?(\d+\.[\.\d]+) .*Edition Next","['browser','name','version']","['Opera Next','Opera Next','$1']"
297,0,"(?:Ordissimo|webissimo3)(?:/(\d+[\.\d]+))?","['browser','name','version']","['Ordissimo','Ordissimo','$1']"
594,0,"(?:Oregano|OreganMediaBrowser)(?:[ /](\d+[\.\d]+))?","['browser','name','version']","['Oregano','Oregano','$1']"
238,0,"(?:Perfect%20Browser(?:-iPad)?|Perfect(?:BrowserPro)?)/(\d+[\.\d]+)","['browser','name','version']","['Perfect Browser','Perfect Browser','$1']"
595,0,"(?:Polaris|Embider)(?:[/ ](\d+[\.\d]+))?","['browser','name','version']","['Polaris','Polaris','$1']"
419,0,"(?:Polarity)(?:[/ ](\d+[\.\d]+))?","['browser','name','version']","['Polarity','Polarity','$1']"
420,0,"(?:QupZilla)(?:[/ ](\d+[\.\d]+))?","['browser','name','version']","['QupZilla','QupZilla','$1']"
481,0,"(?:SFB(?:rowser)?)/(\d+[\.\d]+)","['browser','name','version']","['Super Fast Browser','Super Fast Browser','$1']"
386,0,"(?:TO-Browser/TOB|DT-Browser/DTB)(\d+[\.\d]+)","['browser','name','version']","['t-online.de Browser','t-online.de Browser','$1']"
538,0,"(?:Tizen|SLP) ?Browser(?:/(\d+[\.\d]+))?","['browser','name','version']","['Tizen Browser','Tizen Browser','$1']"
267,0,"(?:Turkcell-)?YaaniBrowser(?:/(\d+[\.\d]+))?","['browser','name','version']","['Yaani Browser','Yaani Browser','$1']"
611,0,"(?:Version/(\d+\.[\.\d]+) .*)?Mobile.*Safari/","['browser','name','version']","['Safari','Mobile Safari','$1']"
614,0,"(?:\w{1,5}[_ ])?Dorado WAP-Browser(?:[/ ](\d+[\.\d]+))?","['browser','name','version']","['Dorado','Dorado','$1']"
450,0,"(?:baidubrowser|bdbrowser(?:(?:hd)?_i18n)?|FlyFlow|BaiduHD)(?:[/ ](\d+[\.\d]*))?","['browser','name','version']","['Baidu Browser','Baidu Browser','$1']"
243,0,"(?:chimlac_browser|chimlac)/(?:(\d+[\.\d]+))","['browser','name','version']","['Chim Lac','Chim Lac','$1']"
478,0,"(?:coc_coc_browser|coccocbrowser|CocCoc)(?:/(\d+[\.\d]+))?","['browser','name','version']","['Coc Coc','Coc Coc','$1']"
296,0,"(?:com\.airfind\.deltabrowser|AirSearch)(?:/(\d+[\.\d]+))?","['browser','name','version']","['Delta Browser','Delta Browser','$1']"
542,0,"(?:hpw|web)OS/(\d+[\.\d]+)","['browser','name','version']","['wOSBrowser','wOSBrowser','$1']"
605,0,"(?<! like )Android","['browser','name','version']","['Android Browser','Android Browser','']"
622,0,"(?<!like )Gecko","['browser','name','version']","['Firefox','Firefox','']"
342,0,"(?<!motorola )Edge[ /](\d+[\.\d]+)","['browser','name','version']","['Microsoft Edge','Microsoft Edge','$1']"
13,0,"(Smart|SMART|smart)-?\s*(?:TV|tv)","['device_type']","['TV']"
534,0,".*Chromium(?:_(\d+[\.\d]+))?","['browser','name','version']","['Chromium','Chromium','$1']"
375,0,".*Goanna.*PaleMoon(?:/(\d+[\.\d]+))?","['browser','name','version']","['Pale Moon','Pale Moon','$1']"
119,0,".*OnBrowserLite(\d+\.[\.\d]+)","['browser','name','version']","['OnBrowser Lite','OnBrowser Lite','$1']"
409,0,".*Servo.*Firefox(?:/(\d+[\.\d]+))?","['browser','name','version']","['Firefox','Firefox','$1']"
288,0,"115Browser/(?:(\d+[\.\d]+))?","['browser','name','version']","['115 Browser','115 Browser','$1']"
123,0,"18\+/([\d\.]+)","['browser','name','version']","['18+ Privacy Browser','18+ Privacy Browser','$1']"
348,0,"360 Aphone Browser(?:[ /]?\(?(\d+[.\d]+)(?:beta)?\)?)?","['browser','name','version']","['360 Phone Browser','360 Phone Browser','$1']"
202,0,"7654Browser/(\d+[\.\d]+)","['browser','name','version']","['7654 Browser','7654 Browser','$1']"
328,0,"7Star/(?:(\d+[\.\d]+))","['browser','name','version']","['7Star','7Star','$1']"
177,0,"ABB/(\d+[\.\d]+)","['browser','name','version']","['AdBlock Browser','AdBlock Browser','$1']"
548,0,"ABrowse(?: (\d+[\.\d]+))?","['browser','name','version']","['ABrowse','ABrowse','$1']"
497,0,"ACHEETAHI","['browser','name','version']","['CM Browser','CM Browser','']"
284,0,"ADG/(?:(\d+[\.\d]+))?","['browser','name','version']","['AOL Desktop','AOL Desktop','$1']"
44,33,"AEOHY","['browser','device','device_type','model','os_v1']","['','Echo Show 15 (2021)','TV','Echo Show 15 (2021)','7']"
33,0,"AFT","['brand','device_type','os']","['Amazon','TV','Fire OS']"
79,33,"AFTA","['browser','device','device_type','model','os_v1']","['','Fire TV Cube - 1st Gen (2018)','STB','Fire TV Cube - 1st Gen (2018)','6']"
47,33,"AFTANNA0","['browser','device','device_type','model','os_v1']","['','Xiaomi F2 4K - Fire TV (2022)','TV','Xiaomi F2 4K - Fire TV (2022)','7']"
51,33,"AFTANNA0","['browser','device','device_type','model','os_v1']","['','ok 4K - Fire TV (2021)','TV','ok 4K - Fire TV (2021)','7']"
86,33,"AFTB","['browser','device','device_type','model','os_v1']","['','Fire TV - 1st Gen (2014)','TV','Fire TV - 1st Gen (2014)','5']"
68,33,"AFTBAMR311","['browser','device','device_type','model','os_v1']","['','Toshiba HD - Fire TV (2018-2020)','TV','Toshiba HD - Fire TV (2018-2020)','6']"
34,33,"AFTBTX4","['browser','device','device_type','model','os_v1']","['','Redmi 108cm (43 inches) 4K Ultra HD smart LED Fire TV (2023)','TV','Redmi 108cm (43 inches) 4K Ultra HD smart LED Fire TV (2023)','7']"
59,33,"AFTBU001","['browser','device','device_type','model','os_v1']","['','AmazonBasics HD/FHD - Fire TV (2020)','TV','AmazonBasics HD/FHD - Fire TV (2020)','6']"
65,33,"AFTDCT31","['browser','device','device_type','model','os_v1']","['','Toshiba 4K UHD - Fire TV (2020)','TV','Toshiba 4K UHD - Fire TV (2020)','7']"
66,33,"AFTDCT31","['browser','device','device_type','model','os_v1']","['','Insignia 4K UHD - Fire TV (2020)','TV','Insignia 4K UHD - Fire TV (2020)','7']"
69,33,"AFTEAMR311","['browser','device','device_type','model','os_v1']","['','Insignia HD - Fire TV (2018-2020)','TV','Insignia HD - Fire TV (2018-2020)','6']"
77,33,"AFTEU011","['browser','device','device_type','model','os_v1']","['','Grundig Vision 6 HD - Fire TV (2019)','TV','Grundig Vision 6 HD - Fire TV (2019)','7']"
74,33,"AFTEU014","['browser','device','device_type','model','os_v1']","['','Grundig Vision 7, 4K - Fire TV (2019)','TV','Grundig Vision 7, 4K - Fire TV (2019)','7']"
73,33,"AFTEUFF014","['browser','device','device_type','model','os_v1']","['','Grundig OLED 4K - Fire TV (2019)','TV','Grundig OLED 4K - Fire TV (2019)','7']"
46,33,"AFTGAZL","['browser','device','device_type','model','os_v1']","['','Fire TV Cube - 3rd Gen (2022)','STB','Fire TV Cube - 3rd Gen (2022)','7']"
48,33,"AFTHA001","['browser','device','device_type','model','os_v1']","['','Hisense U6 4K UHD - Fire TV (2022)','TV','Hisense U6 4K UHD - Fire TV (2022)','7']"
57,33,"AFTHA001","['browser','device','device_type','model','os_v1']","['','Toshiba 4K UHD - Fire TV (2021)','TV','Toshiba 4K UHD - Fire TV (2021)','7']"
88,33,"AFTHA002","['browser','device','device_type','model','os_v1']","['','Toshiba V35 Series LED FHD/HD - Fire TV (2021)','TV','Toshiba V35 Series LED FHD/HD - Fire TV (2021)','7']"
52,33,"AFTHA003","['browser','device','device_type','model','os_v1']","['','Toshiba 4K Far-field UHD - Fire TV (2021)','TV','Toshiba 4K Far-field UHD - Fire TV (2021)','7']"
42,33,"AFTHA004","['browser','device','device_type','model','os_v1']","['','Toshiba 4K UHD - Fire TV (2022)','TV','Toshiba 4K UHD - Fire TV (2022)','7']"
78,33,"AFTJMST12","['browser','device','device_type','model','os_v1']","['','Insignia 4K - Fire TV (2018)','TV','Insignia 4K - Fire TV (2018)','6']"
50,33,"AFTJULI1","['browser','device','device_type','model','os_v1']","['','JVC 4K - Fire TV with Freeview Play (2021)','TV','JVC 4K - Fire TV with Freeview Play (2021)','7']"
53,33,"AFTKA","['browser','device','device_type','model','os_v1']","['','Fire TV Stick 4K Max - 1st Gen (2021)','STB','Fire TV Stick 4K Max - 1st Gen (2021)','7']"
41,33,"AFTKA002 / AFTKAUK002","['browser','device','device_type','model','os_v1']","['','Fire TV 2-Series (2023)','TV','Fire TV 2-Series (2023)','7']"
37,33,"AFTKM","['browser','device','device_type','model','os_v1']","['','Fire TV Stick 4K - 2nd Gen (2023) - 8 GB','STB','Fire TV Stick 4K - 2nd Gen (2023) - 8 GB','8']"
70,33,"AFTKMST12","['browser','device','device_type','model','os_v1']","['','Toshiba 4K - Fire TV (2018-2019)','TV','Toshiba 4K - Fire TV (2018-2019)','6']"
36,33,"AFTKRT","['browser','device','device_type','model','os_v1']","['','Fire TV Stick 4K Max - 2nd Gen (2023) - 16 GB','STB','Fire TV Stick 4K Max - 2nd Gen (2023) - 16 GB','8']"
43,33,"AFTLBT962E2","['browser','device','device_type','model','os_v1']","['','BMW (2022)','TV','BMW (2022)','7']"
71,33,"AFTLE","['browser','device','device_type','model','os_v1']","['','Onida HD - Fire TV (2019)','TV','Onida HD - Fire TV (2019)','6']"
54,33,"AFTLFT962X3","['browser','device','device_type','model','os_v1']","['','Stellantis (Jeep) - Wagoneer/Grand Wagoneer','TV','Stellantis (Jeep) - Wagoneer/Grand Wagoneer','7']"
85,33,"AFTM","['browser','device','device_type','model','os_v1']","['','Fire TV Stick - 1st Gen (2014)','STB','Fire TV Stick - 1st Gen (2014)','5']"
39,33,"AFTMD001","['browser','device','device_type','model','os_v1']","['','Fire TV - TCL S4 Series 4K UHD HDR LED (2023)','TV','Fire TV - TCL S4 Series 4K UHD HDR LED (2023)','7']"
40,33,"AFTMD001","['browser','device','device_type','model','os_v1']","['','Fire TV - TCL Q6 4K QLED HDR (2023)','TV','Fire TV - TCL Q6 4K QLED HDR (2023)','7']"
35,33,"AFTMD002","['browser','device','device_type','model','os_v1']","['','TCL Class S3 1080p LED Smart TV with Fire TV (2023)','TV','TCL Class S3 1080p LED Smart TV with Fire TV (2023)','7']"
76,33,"AFTMM","['browser','device','device_type','model','os_v1']","['','Nebula Soundbar - Fire TV Edition (2019)','STB','Nebula Soundbar - Fire TV Edition (2019)','6']"
80,33,"AFTMM","['browser','device','device_type','model','os_v1']","['','Fire TV Stick 4K - 1st Gen (2018)','STB','Fire TV Stick 4K - 1st Gen (2018)','6']"
87,33,"AFTMM","['browser','device','device_type','model','os_v1']","['','TCL Soundbar with Built-in Subwoofer - Fire TV Edition (2019)','STB','TCL Soundbar with Built-in Subwoofer - Fire TV Edition (2019)','6']"
49,33,"AFTMON001, AFTMON002","['browser','device','device_type','model','os_v1']","['','Funai 4K - Fire TV (2022)','TV','Funai 4K - Fire TV (2022)','7']"
83,33,"AFTN","['browser','device','device_type','model','os_v1']","['','Fire TV - 3rd Gen (2017)','TV','Fire TV - 3rd Gen (2017)','6']"
58,33,"AFTPR001","['browser','device','device_type','model','os_v1']","['','AmazonBasics 4K - Fire TV (2020)','TV','AmazonBasics 4K - Fire TV (2020)','7']"
72,33,"AFTR","['browser','device','device_type','model','os_v1']","['','Fire TV Cube - 2nd Gen (2019)','STB','Fire TV Cube - 2nd Gen (2019)','7']"
82,33,"AFTRS","['browser','device','device_type','model','os_v1']","['','Element 4K - Fire TV (2017)','TV','Element 4K - Fire TV (2017)','5']"
84,33,"AFTS","['browser','device','device_type','model','os_v1']","['','Fire TV - 2nd Gen (2015)','TV','Fire TV - 2nd Gen (2015)','5']"
38,33,"AFTSHN02","['browser','device','device_type','model','os_v1']","['','TCL 32"" FHD, 40"" FHD Fire TV (2023)','TV','TCL 32"" FHD, 40"" FHD Fire TV (2023)','7']"
75,33,"AFTSO001","['browser','device','device_type','model','os_v1']","['','JVC 4K - Fire TV (2019)','TV','JVC 4K - Fire TV (2019)','7']"
64,33,"AFTSS","['browser','device','device_type','model','os_v1']","['','Fire TV Stick Lite - 1st Gen (2020)','STB','Fire TV Stick Lite - 1st Gen (2020)','7']"
63,33,"AFTSSS","['browser','device','device_type','model','os_v1']","['','Fire TV Stick - 3rd Gen (2020)','STB','Fire TV Stick - 3rd Gen (2020)','7']"
67,33,"AFTT","['browser','device','device_type','model','os_v1']","['','Fire TV Stick - 2nd Gen (2016-2019)','STB','Fire TV Stick - 2nd Gen (2016-2019)','5']"
81,33,"AFTT","['browser','device','device_type','model','os_v1']","['','Fire TV Stick - Basic Edition (2017)','STB','Fire TV Stick - Basic Edition (2017)','5']"
56,33,"AFTTI43","['browser','device','device_type','model','os_v1']","['','Fire TV 4-Series (2021)','TV','Fire TV 4-Series (2021)','7']"
45,33,"AFTTIFF43","['browser','device','device_type','model','os_v1']","['','Fire TV Omni QLED Series (2022)','TV','Fire TV Omni QLED Series (2022)','7']"
55,33,"AFTTIFF43","['browser','device','device_type','model','os_v1']","['','Fire TV Omni Series (2021)','TV','Fire TV Omni Series (2021)','7']"
61,33,"AFTTIFF55","['browser','device','device_type','model','os_v1']","['','Onida HD/FHD - Fire TV (2020) [Available in two sizes]','TV','Onida HD/FHD - Fire TV (2020) [Available in two sizes]','6']"
62,33,"AFTWI001","['browser','device','device_type','model','os_v1']","['','ok 4K - Fire TV (2020)','TV','ok 4K - Fire TV (2020)','7']"
60,33,"AFTWMST22","['browser','device','device_type','model','os_v1']","['','JVC 2K - Fire TV (2020)','TV','JVC 2K - Fire TV (2020)','7']"
412,0,"ANTFresco(?:[/ ](\d+[\.\d]+))?","['browser','name','version']","['ANT Fresco','ANT Fresco','$1']"
413,0,"ANTGalio(?:/(\d+[\.\d]+))?","['browser','name','version']","['ANTGalio','ANTGalio','$1']"
283,0,"AOL (\d+[\.\d]+)","['browser','name','version']","['AOL Explorer','AOL Explorer','$1']"
341,0,"AOLShield(?:/(\d+[\.\d]+))?","['browser','name','version']","['AOL Shield','AOL Shield','$1']"
293,0,"AT/(\d+[\.\d]+)","['browser','name','version']","['AVG Secure Browser','AVG Secure Browser','$1']"
292,0,"AVG(?:/(\d+[\.\d]+))?","['browser','name','version']","['AVG Secure Browser','AVG Secure Browser','$1']"
114,0,"Acoo Browser","['browser','name','version']","['Acoo Browser','Acoo Browser','']"
357,0,"Aloha/","['browser','name','version']","['Aloha Browser','Aloha Browser','']"
356,0,"AlohaBrowser(?:App)?(?:/(\d+[\.\d]+))?","['browser','name','version']","['Aloha Browser','Aloha Browser','$1']"
299,0,"AlohaLite(?:/(\d+[\.\d]+))?","['browser','name','version']","['Aloha Browser Lite','Aloha Browser Lite','$1']"
156,0,"Alva/(\d+\.[\.\d]+)","['browser','name','version']","['ALVA','ALVA','$1']"
551,0,"Amiga-Aweb(?:/(\d+[\.\d]+))?","['browser','name','version']","['Amiga Aweb','Amiga Aweb','$1']"
550,0,"AmigaVoyager(?:/(\d+[\.\d]+))?","['browser','name','version']","['Amiga Voyager','Amiga Voyager','$1']"
233,0,"Android (?:[\d\.]+;) ?(?:[^;]+;)? Flow\) AppleWebKit/537.+Chrome/\d{3}","['browser','name','version']","['Flow Browser','Flow Browser','']"
21,17,"Android/(?:14|15|16|17|18|19|20)\D","[]","[]"
18,17,"Android/(?:1|2|3|4)\D","[]","[]"
22,17,"Android/(?:21|22)\D","[]","[]"
23,17,"Android/(?:23)\D","[]","[]"
24,17,"Android/(?:24|25)\D","[]","[]"
25,17,"Android/(?:26|27)\D","[]","[]"
26,17,"Android/(?:28)\D","[]","[]"
27,17,"Android/(?:29)\D","[]","[]"
28,17,"Android/(?:30)\D","[]","[]"
29,17,"Android/(?:31|32)\D","[]","[]"
30,17,"Android/(?:33)\D","[]","[]"
31,17,"Android/(?:34)\D","[]","[]"
19,17,"Android/(?:5|6|7|8|9|10)\D","[]","[]"
20,17,"Android/(?:5|6|7|8|9|10)\D","[]","[]"
115,0,"Aplix_.*_browser/(\d+\.[\.\d]+)","['browser','name','version']","['Aplix','Aplix','$1']"
152,0,"ArcMobile2(?:/(\d+\.[\.\d]+);)?","['browser','name','version']","['Arc','Arc','$1']"
388,0,"ArcticFox(?:/(\d+[\.\d]+))?","['browser','name','version']","['Arctic Fox','Arctic Fox','$1']"
552,0,"Arora(?:/(\d+[\.\d]+))?","['browser','name','version']","['Arora','Arora','$1']"
197,0,"Arvin/(\d+[\.\d]+)","['browser','name','version']","['Arvin','Arvin','$1']"
125,0,"Ask\.com Mobile Browser","['browser','name','version']","['Ask.com','Ask.com','']"
289,0,"Atom/(?:(\d+[\.\d]+))?","['browser','name','version']","['Atom','Atom','$1']"
368,0,"AtomicBrowser(?:/(\d+[\.\d]+))?","['browser','name','version']","['Atomic Web Browser','Atomic Web Browser','$1']"
365,0,"Avant ?Browser","['browser','name','version']","['Avant Browser','Avant Browser','']"
224,0,"Avira(?:Scout)?/(\d+[\.\d]+)","['browser','name','version']","['Avira Secure Browser','Avira Secure Browser','$1']"
240,0,"AwoX(?:/(\d+[\.\d]+))? Browser","['browser','name','version']","['AwoX','AwoX','$1']"
126,0,"Bang/(\d+[\.\d]+)","['browser','name','version']","['Bang','Bang','$1']"
230,0,"BanglaBrowser/(\d+\.[.\d]+)","['browser','name','version']","['Bangla Browser','Bangla Browser','$1']"
319,0,"Basilisk(?:/(\d+[\.\d]+))?","['browser','name','version']","['Basilisk','Basilisk','$1']"
334,0,"Beaker ?Browser(?:[/ ](\d+[\.\d]+))?","['browser','name','version']","['Beaker Browser','Beaker Browser','$1']"
309,0,"Beamrise(?:/(\d+[\.\d]+))?","['browser','name','version']","['Beamrise','Beamrise','$1']"
553,0,"Beonex(?:/(\d+[\.\d]+))?","['browser','name','version']","['Beonex','Beonex','$1']"
237,0,"Biyubi/(\d+[\.\d]+)","['browser','name','version']","['Biyubi','Biyubi','$1']"
603,0,"BlackBerry|PlayBook|BB10","['browser','name','version']","['BlackBerry Browser','BlackBerry Browser','']"
304,0,"BlackHawk(?:/(\d+[\.\d]+))?","['browser','name','version']","['BlackHawk','BlackHawk','$1']"
540,0,"Blazer(?:/(\d+[\.\d]+))?","['browser','name','version']","['Palm Blazer','Palm Blazer','$1']"
521,0,"BlueBrowser(?:/(\d+[\.\d]+))?","['browser','name','version']","['Blue Browser','Blue Browser','$1']"
120,0,"Bluefy/(\d+\.[\.\d]+)","['browser','name','version']","['Bluefy','Bluefy','$1']"
260,0,"Borealis/(\d+[\.\d]+)","['browser','name','version']","['Borealis Navigator','Borealis Navigator','$1']"
371,0,"Brave(?:/(\d+[\.\d]+))?","['browser','name','version']","['Brave','Brave','$1']"
222,0,"BriskBard(?:/(\d+[\.\d]+))?","['browser','name','version']","['BriskBard','BriskBard','$1']"
604,0,"Browlser/(\d+[\.\d]+)","['browser','name','version']","['Browlser','Browlser','$1']"
555,0,"BrowseX \((\d+[\.\d]+)","['browser','name','version']","['BrowseX','BrowseX','$1']"
239,0,"Browser/Phantom/V(\d+[\.\d]+)","['browser','name','version']","['Phantom Browser','Phantom Browser','$1']"
257,0,"Browzar","['browser','name','version']","['Browzar','Browzar','']"
369,0,"Bunjalloo(?:/(\d+[\.\d]+))?","['browser','name','version']","['Bunjalloo','Bunjalloo','$1']"
210,0,"Byffox/(\d+[\.\d]+)","['browser','name','version']","['Byffox','Byffox','$1']"
298,0,"CCleaner(?:/(\d+[\.\d]+))?","['browser','name','version']","['CCleaner','CCleaner','$1']"
313,0,"COSBrowser(?:/(\d+[\.\d]+))?","['browser','name','version']","['COS Browser','COS Browser','$1']"
180,0,"CYBrowser/(\d+[\.\d]+)","['browser','name','version']","['CyBrowser','CyBrowser','$1']"
352,0,"Camino(?:/(\d+[\.\d]+))?","['browser','name','version']","['Camino','Camino','$1']"
390,0,"Centaury(?:/(\d+[\.\d]+))?","['browser','name','version']","['Centaury','Centaury','$1']"
186,0,"ChanjetCloud/(\d+[\.\d]+)","['browser','name','version']","['ChanjetCloud','ChanjetCloud','$1']"
556,0,"Charon(?:[/ ](\d+[\.\d]+))?","['browser','name','version']","['Charon','Charon','$1']"
206,0,"Chedot/(\d+[\.\d]+)","['browser','name','version']","['Chedot','Chedot','$1']"
557,0,"Cheshire(?:/(\d+[\.\d]+))?","['browser','name','version']","['Cheshire','Cheshire','$1']"
536,0,"Chrome(?!book)(?:/(\d+[\.\d]+))?","['browser','name','version']","['Chrome','Chrome','$1']"
531,0,"Chrome(?:/(\d+[\.\d]+))? Mobile","['browser','name','version']","['Chrome Mobile','Chrome Mobile','$1']"
468,0,"Chrome(?:/(\d+\.[\.\d]+) )?.*Iron","['browser','name','version']","['Iron','Iron','$1']"
358,0,"Chrome.+(?:Avast(?:SecureBrowser)?|ASW|Safer)(?:/(\d+[\.\d]+))?","['browser','name','version']","['Avast Secure Browser','Avast Secure Browser','$1']"
463,0,"Chrome.+(?:MxBrowser|Maxthon)(?:.+\(portable\))?/(\d+\.[\.\d]+)","['browser','name','version']","['Maxthon','Maxthon','$1']"
221,0,"Chrome.+BriskBard/(\d+[\.\d]+)","['browser','name','version']","['BriskBard','BriskBard','$1']"
462,0,"Chrome.+Maxthon/\d{4}","['browser','name','version']","['Maxthon','Maxthon','']"
459,0,"Chrome.+Midori Browser/(\d+[\.\d]+)","['browser','name','version']","['Midori','Midori','$1']"
443,0,"Chrome.+Opera/","['browser','name','version']","['Opera','Opera','']"
226,0,"Chrome.+Otter(?:[ /](\d+[\.\d]+))?","['browser','name','version']","['Otter Browser','Otter Browser','$1']"
347,0,"Chrome.+Safari/537\.36/(\d+[.\d]+)$","['browser','name','version']","['360 Secure Browser','360 Secure Browser','$1']"
228,0,"Chrome.+Smooz/(\d+[\.\d]+)","['browser','name','version']","['Smooz','Smooz','$1']"
492,0,"Chrome.+SznProhlizec/(\d+[\.\d]+)","['browser','name','version']","['Seznam Browser','Seznam Browser','$1']"
404,0,"Chrome.+UC Browser(\d+[\.\d]+)","['browser','name','version']","['UC Browser','UC Browser','$1']"
397,0,"Chrome.+uc mini browser(\d+[\.\d]+)?","['browser','name','version']","['UC Browser Mini','UC Browser Mini','$1']"
211,0,"Chrome/(\d+\.[\.\d]+) .*AgentWeb.+UCBrowser","['browser','name','version']","['CoolBrowser','CoolBrowser','$1']"
367,0,"Chrome/(\d+\.[\.\d]+) .*MRCHROME","['browser','name','version']","['Amigo','Amigo','$1']"
207,0,"Chrome/(\d+\.[\.\d]+) .*\(Chromium GOST\)","['browser','name','version']","['Chromium GOST','Chromium GOST','$1']"
370,0,"Chrome/(\d+\.[\.\d]+).*Brave/","['browser','name','version']","['Brave','Brave','$1']"
167,0,"Chrome/(\d+\.[\.\d]+).+Sparrow","['browser','name','version']","['Viasat Browser','Viasat Browser','$1']"
166,0,"Chrome/(\d+\.[\.\d]+).+TeslaBrowser/","['browser','name','version']","['Tesla Browser','Tesla Browser','$1']"
336,0,"Chrome/.*QwantMobile(?:/(\d+[\.\d]+))?","['browser','name','version']","['Qwant Mobile','Qwant Mobile','$1']"
498,0,"Chrome/.+ (?:LeBrowser|MobileLenovoBrowser)(?:/(\d+[\.\d]+))?","['browser','name','version']","['Lenovo Browser','Lenovo Browser','$1']"
340,0,"Chrome/.+ AOLShield(?:/(\d+[\.\d]+))?","['browser','name','version']","['AOL Shield Pro','AOL Shield Pro','$1']"
355,0,"Chrome/.+ AlohaBrowser(?:/(\d+[\.\d]+))?","['browser','name','version']","['Aloha Browser','Aloha Browser','$1']"
325,0,"Chrome/.+ Hola(?:/(\d+[\.\d]+))?","['browser','name','version']","['hola! Browser','hola! Browser','$1']"
425,0,"Chrome/.+ OP(?:RG)?X(?:/(\d+[\.\d]+))?","['browser','name','version']","['Opera GX','Opera GX','$1']"
255,0,"Chrome/.+ SLBrowser/(?:(\d+[\.\d]+))?","['browser','name','version']","['Smart Lenovo Browser','Smart Lenovo Browser','$1']"
181,0,"Chrome/.+ SiteKiosk (\d+[\.\d]+)","['browser','name','version']","['SiteKiosk','SiteKiosk','$1']"
275,0,"Chrome/.+ i?Lunascape(?:[/ ](\d+\.[.\d]+))?","['browser','name','version']","['Lunascape','Lunascape','$1']"
487,0,"Chrome/.+Tenta/(\d+[\.\d]+)","['browser','name','version']","['Tenta Browser','Tenta Browser','$1']"
6,0,"Chrome/\d+","['browser']","['Chrome']"
447,0,"ChromePlus(?:/(\d+[\.\d]+))?","['browser','name','version']","['ChromePlus','ChromePlus','$1']"
533,0,"Chromium(?:/(\d+[\.\d]+))?","['browser','name','version']","['Chromium','Chromium','$1']"
4,0,"Chromium/\d+","['browser']","['Chromium']"
101,0,"Classilla/","['browser','name','version']","['Classilla','Classilla','$1']"
265,0,"Cliqz","['browser','name','version']","['Cliqz','Cliqz','']"
606,0,"Coast(?:/(\d+[\.\d]+))?","['browser','name','version']","['Coast','Coast','$1']"
269,0,"Colibri/(?:(\d+[\.\d]+))?","['browser','name','version']","['Colibri','Colibri','$1']"
106,0,"Columbus/(\d+\.[\.\d]+)","['browser','name','version']","['Columbus Browser','Columbus Browser','$1']"
377,0,"CometBird(?:/(\d+[\.\d]+))?","['browser','name','version']","['CometBird','CometBird','$1']"
448,0,"Conkeror(?:/(\d+[\.\d]+))?","['browser','name','version']","['Conkeror','Conkeror','$1']"
445,0,"CoolNovo(?:/(\d+[\.\d]+))?","['browser','name','version']","['CoolNovo','CoolNovo','$1']"
231,0,"Cornowser/(\d+[\.\d]+)","['browser','name','version']","['Cornowser','Cornowser','$1']"
529,0,"CrMo(?:/(\d+[\.\d]+))?","['browser','name','version']","['Chrome Mobile','Chrome Mobile','$1']"
213,0,"CravingExplorer/(\d+[\.\d]+)","['browser','name','version']","['Craving Explorer','Craving Explorer','$1']"
573,0,"Crazy Browser (\d+[\.\d]+)","['browser','name','version']","['Crazy Browser','Crazy Browser','$1']"
530,0,"CriOS(?:/(\d+[\.\d]+))?","['browser','name','version']","['Chrome Mobile iOS','Chrome Mobile iOS','$1']"
314,0,"Crusta(?:/(\d+[\.\d]+))?","['browser','name','version']","['Crusta','Crusta','$1']"
385,0,"Cunaguaro(?:/(\d+[\.\d]+))?","['browser','name','version']","['Cunaguaro','Cunaguaro','$1']"
392,0,"Cyberfox(?:/(\d+[\.\d]+))?","['browser','name','version']","['Cyberfox','Cyberfox','$1']"
174,0,"Decentr","['browser','name','version']","['Decentr','Decentr','']"
364,0,"Deepnet Explorer (\d+[\.\d]+)?","['browser','name','version']","['Deepnet Explorer','Deepnet Explorer','$1']"
204,0,"Degdegan/(\d+[\.\d]+)","['browser','name','version']","['deg-degan','deg-degan','$1']"
214,0,"DeskBrowse/(\d+[\.\d]+)","['browser','name','version']","['DeskBrowse','DeskBrowse','$1']"
118,0,"DiigoBrowser$","['browser','name','version']","['Diigo Browser','Diigo Browser','']"
559,0,"Dillo(?:/(\d+[\.\d]+))?","['browser','name','version']","['Dillo','Dillo','$1']"
150,0,"DoCoMo/(?:(\d+[\.\d]+))?","['browser','name','version']","['DoCoMo','DoCoMo','$1']"
560,0,"Dolfin(?:/(\d+[\.\d]+))?|dolphin","['browser','name','version']","['Dolphin','Dolphin','$1']"
212,0,"DotBrowser/(\d+[\.\d]+)","['browser','name','version']","['Dot Browser','Dot Browser','$1']"
483,0,"EUI Browser(?:/(\d+[\.\d]+))?","['browser','name','version']","['EUI Browser','EUI Browser','$1']"
110,0,"EastBrowser/(\d+\.[\.\d]+)","['browser','name','version']","['East Browser','East Browser','$1']"
496,0,"Ecosia (?:android|ios)@(\d+[\.\d]+)","['browser','name','version']","['Ecosia','Ecosia','$1']"
5,0,"Edg.*/\d+","['browser']","['Edge']"
344,0,"EdgA[ /](\d+[\.\d]+)","['browser','name','version']","['Microsoft Edge','Microsoft Edge','$1']"
345,0,"Edg[ /](\d+[\.\d]+)","['browser','name','version']","['Microsoft Edge','Microsoft Edge','$1']"
343,0,"EdgiOS[ /](\d+[\.\d]+)","['browser','name','version']","['Microsoft Edge','Microsoft Edge','$1']"
235,0,"Ekioh/(?:(\d+[\.\d]+))","['browser','name','version']","['Flow','Flow','$1']"
562,0,"Element Browser(?:[ /](\d+[\.\d]+))?","['browser','name','version']","['Element Browser','Element Browser','$1']"
285,0,"Elements Browser/(?:(\d+[\.\d]+))?","['browser','name','version']","['Elements Browser','Elements Browser','$1']"
561,0,"Elinks(?:[ /](\d+[\.\d]+))?","['browser','name','version']","['Elinks','Elinks','$1']"
99,0,"Eolie","['browser','name','version']","['Eolie','Eolie','']"
360,0,"Epic(?:/(\d+[\.\d]+))","['browser','name','version']","['Epic','Epic','$1']"
470,0,"Epiphany(?:/(\d+[\.\d]+))?","['browser','name','version']","['GNOME Web','GNOME Web','$1']"
98,0,"EudoraWeb (\d+[\.\d]+)","['browser','name','version']","['EudoraWeb','EudoraWeb','$1']"
301,0,"Falkon(?:/(\d+[\.\d]+))?","['browser','name','version']","['Falkon','Falkon','$1']"
310,0,"Faux(?:/(\d+[\.\d]+))?","['browser','name','version']","['Faux Browser','Faux Browser','$1']"
361,0,"Fennec(?:/(\d+[\.\d]+))?","['browser','name','version']","['Fennec','Fennec','$1']"
564,0,"Firebird(?! Build)(?:/(\d+[\.\d]+))?","['browser','name','version']","['Firebird','Firebird','$1']"
362,0,"Firefox.*Tablet browser (\d+[\.\d]+)","['browser','name','version']","['MicroB','MicroB','$1']"
405,0,"Firefox.+UCKai/(\d+[\.\d]+)","['browser','name','version']","['UC Browser','UC Browser','$1']"
393,0,"Firefox/(\d+\.[\.\d]+).*\(Swiftfox\)","['browser','name','version']","['Swiftfox','Swiftfox','$1']"
266,0,"Firefox/.*(?:Turkcell-)?YaaniBrowser(?:/(\d+[\.\d]+))?","['browser','name','version']","['Yaani Browser','Yaani Browser','$1']"
3,0,"Firefox/\d+","['browser']","['Firefox']"
416,0,"Fireweb Navigator(?:/(\d+[\.\d]+))?","['browser','name','version']","['Fireweb Navigator','Fireweb Navigator','$1']"
417,0,"Fireweb(?:/(\d+[\.\d]+))?","['browser','name','version']","['Fireweb','Fireweb','$1']"
195,0,"FlashBrowser/(\d+[\.\d]+)","['browser','name','version']","['Flash Browser','Flash Browser','$1']"
379,0,"Flock(?:/(\d+[\.\d]+))?","['browser','name','version']","['Flock','Flock','$1']"
172,0,"Floorp/(\d+[\.\d]+)","['browser','name','version']","['Floorp','Floorp','$1']"
234,0,"Flow/(?:(\d+[\.\d]+))","['browser','name','version']","['Flow','Flow','$1']"
565,0,"Fluid(?:/(\d+[\.\d]+))?","['browser','name','version']","['Fluid','Fluid','$1']"
317,0,"FreeU(?:/(\d+[\.\d]+))?","['browser','name','version']","['FreeU','FreeU','$1']"
408,0,"FxiOS/(\d+[\.\d]+)","['browser','name','version']","['Firefox Mobile iOS','Firefox Mobile iOS','$1']"
619,0,"GOGGalaxyClient/(\d+[\.\d]+)?","['browser','name','version']","['GOG Galaxy','GOG Galaxy','$1']"
566,0,"Galeon(?:/(\d+[\.\d]+))?","['browser','name','version']","['Galeon','Galeon','$1']"
264,0,"Ghostery:?(\d+[\.\d]+)?","['browser','name','version']","['Ghostery Privacy Browser','Ghostery Privacy Browser','$1']"
223,0,"GinxDroid(?:Browser)?/(\d+[\.\d]+)","['browser','name','version']","['GinxDroid Browser','GinxDroid Browser','$1']"
280,0,"GlassBrowser/(?:(\d+[\.\d]+))?","['browser','name','version']","['Glass Browser','Glass Browser','$1']"
510,0,"GoBrowser(?:/(\d+[\.\d]+))?","['browser','name','version']","['GoBrowser','GoBrowser','$1']"
124,0,"GoKu-iOS/(\d+[\.\d]+)","['browser','name','version']","['GoKu','GoKu','$1']"
569,0,"Google ?Earth(?:/v?(\d+[\.\d]+))?","['browser','name','version']","['Google Earth','Google Earth','$1']"
568,0,"GoogleEarth/(\d+\.[\.\d]+)[^\.\d].*client:(?:Plus|Pro)","['browser','name','version']","['Google Earth Pro','Google Earth Pro','$1']"
107,0,"GreenBrowser","['browser','name','version']","['GreenBrowser','GreenBrowser','']"
331,0,"HBPC/(\d+[\.\d]+)","['browser','name','version']","['Huawei Browser','Huawei Browser','$1']"
192,0,"Harman_Browser/(\d+[\.\d]+)","['browser','name','version']","['Harman Browser','Harman Browser','$1']"
209,0,"HasBrowser/(\d+[\.\d]+)","['browser','name','version']","['HasBrowser','HasBrowser','$1']"
316,0,"Hawk/QuickBrowser(?:/v?(\d+[\.\d]+))?","['browser','name','version']","['Hawk Quick Browser','Hawk Quick Browser','$1']"
315,0,"Hawk/TurboBrowser(?:/v?(\d+[\.\d]+))?","['browser','name','version']","['Hawk Turbo Browser','Hawk Turbo Browser','$1']"
535,0,"HeadlessChrome(?:/(\d+[\.\d]+))?","['browser','name','version']","['Headless Chrome','Headless Chrome','$1']"
201,0,"Helio/(\d+[\.\d]+)","['browser','name','version']","['Helio','Helio','$1']"
179,0,"HiBrowser/v?(\d+[\.\d]+)","['browser','name','version']","['Hi Browser','Hi Browser','$1']"
570,0,"HotJava(?:/(\d+[\.\d]+))?","['browser','name','version']","['HotJava','HotJava','$1']"
330,0,"HuaweiBrowser(?:/(\d+[\.\d]+))?","['browser','name','version']","['Huawei Browser Mobile','Huawei Browser Mobile','$1']"
506,0,"IBrowse(?:[ /](\d+[\.\d]+))?","['browser','name','version']","['IBrowse','IBrowse','$1']"
574,0,"IEMobile[ /](\d+[\.\d]+)","['browser','name','version']","['IE Mobile','IE Mobile','$1']"
581,0,"IE[ /](\d+[\.\d]+)","['browser','name','version']","['Internet Explorer','Internet Explorer','$1']"
350,0,"IceCat(?:/(\d+[\.\d]+))?","['browser','name','version']","['IceCat','IceCat','$1']"
378,0,"IceDragon(?:/(\d+[\.\d]+))?","['browser','name','version']","['IceDragon','IceDragon','$1']"
373,0,"Iceweasel(?:/(\d+[\.\d]+))?","['browser','name','version']","['Iceweasel','Iceweasel','$1']"
133,0,"Impervious(?:/(\d+[\.\d]+))?","['browser','name','version']","['Impervious Browser','Impervious Browser','$1']"
161,0,"InspectBrowser","['browser','name','version']","['Inspect Browser','Inspect Browser','']"
372,0,"Iridium(?:/(\d+[\.\d]+))?","['browser','name','version']","['Iridium','Iridium','$1']"
469,0,"Iron/(\d+[\.\d]+)","['browser','name','version']","['Iron','Iron','$1']"
522,0,"JAPAN Browser(?:/(\d+[\.\d]+))?","['browser','name','version']","['Japan Browser','Japan Browser','$1']"
545,0,"Jasmine(?:[ /](\d+[\.\d]+))?","['browser','name','version']","['Jasmine','Jasmine','$1']"
205,0,"JavaFX/(\d+[\.\d]+)","['browser','name','version']","['JavaFX','JavaFX','$1']"
380,0,"JigBrowserPlus/(?:(\d+[\.\d]+))?","['browser','name','version']","['Jig Browser Plus','Jig Browser Plus','$1']"
323,0,"Jio(?:Browser|Pages|Sphere)(?:/(\d+[\.\d]+))?","['browser','name','version']","['JioSphere','JioSphere','$1']"
129,0,"JuziBrowser","['browser','name','version']","['JUZI Browser','JUZI Browser','']"
108,0,"K-Ninja/(\d+\.[\.\d]+)","['browser','name','version']","['K-Ninja','K-Ninja','$1']"
583,0,"K-meleon(?:/(\d+[\.\d]+))?","['browser','name','version']","['K-meleon','K-meleon','$1']"
382,0,"Kapiko(?:/(\d+[\.\d]+))?","['browser','name','version']","['Kapiko','Kapiko','$1']"
387,0,"Kazehakase(?:/(\d+[\.\d]+))?","['browser','name','version']","['Kazehakase','Kazehakase','$1']"
162,0,"Keepsafe Browser","['browser','name','version']","['Keepsafe Browser','Keepsafe Browser','']"
582,0,"Kindle/(\d+[\.\d]+)","['browser','name','version']","['Kindle Browser','Kindle Browser','$1']"
308,0,"Kinza(?:/(\d+[\.\d]+))?","['browser','name','version']","['Kinza','Kinza','$1']"
92,0,"Kitt/(\d+\.[\.\d]+)","['browser','name','version']","['Kitt','Kitt','$1']"
500,0,"Kiwi Chrome","['browser','name','version']","['Kiwi','Kiwi','']"
449,0,"Konqueror(?:/(\d+[\.\d]+))?","['browser','name','version']","['Konqueror','Konqueror','$1']"
383,0,"Kylo(?:/(\d+[\.\d]+))?","['browser','name','version']","['Kylo','Kylo','$1']"
472,0,"LBBrowser(?:[ /](\d+[\.\d]+))?","['browser','name','version']","['Cheetah Browser','Cheetah Browser','$1']"
526,0,"LG Browser(?:/(\d+[\.\d]+))","['browser','name','version']","['LG Browser','LG Browser','$1']"
189,0,"LTBrowser/(\d+[\.\d]+)","['browser','name','version']","['LT Browser','LT Browser','$1']"
499,0,"LeBrowser(?:/(\d+[\.\d]+))?","['browser','name','version']","['Lenovo Browser','Lenovo Browser','$1']"
113,0,"LeganBrowser/(\d+\.[\.\d]+)","['browser','name','version']","['Legan Browser','Legan Browser','$1']"
471,0,"LieBaoFast(?:[ /](\d+[\.\d]+))?","['browser','name','version']","['LieBaoFast','LieBaoFast','$1']"
286,0,"Light/(\d+[\.\d]+)","['browser','name','version']","['Light','Light','$1']"
169,0,"Lilo/(\d+\.[\.\d]+)","['browser','name','version']","['Lilo','Lilo','$1']"
170,0,"Lilo/.+CFNetwork","['browser','name','version']","['Lilo','Lilo','']"
584,0,"Links(?: \((\d+[\.\d]+))?","['browser','name','version']","['Links','Links','$1']"
105,0,"Liri/(\d+\.[\.\d]+)","['browser','name','version']","['Liri Browser','Liri Browser','$1']"
215,0,"Lolifox/(\d+[\.\d]+)","['browser','name','version']","['Lolifox','Lolifox','$1']"
128,0,"Lotus/(\d+[\.\d]+)","['browser','name','version']","['Lotus','Lotus','$1']"
295,0,"Lovense(?:/(\d+[\.\d]+))?","['browser','name','version']","['Lovense Browser','Lovense Browser','$1']"
585,0,"LuaKit(?:/(\d+[\.\d]+))?","['browser','name','version']","['LuaKit','LuaKit','$1']"
272,0,"Lulumi-browser/(?:(\d+[\.\d]+))?","['browser','name','version']","['Lulumi','Lulumi','$1']"
546,0,"Lynx(?:/(\d+[\.\d]+))?","['browser','name','version']","['Lynx','Lynx','$1']"
476,0,"M?QQBrowser(?:/([\.\d]+))?","['browser','name','version']","['QQ Browser','QQ Browser','$1']"
475,0,"M?QQBrowser/Mini([\.\d]+)?","['browser','name','version']","['QQ Browser Mini','QQ Browser Mini','$1']"
429,0,"MMS/(\d+[\.\d]+)","['browser','name','version']","['Opera Neon','Opera Neon','$1']"
580,0,"MSIE (\d+[\.\d]+)","['browser','name','version']","['Internet Explorer','Internet Explorer','$1']"
575,0,"MSIE (\d+\.[\.\d]+)[^\.\d].*XBLWP7","['browser','name','version']","['IE Mobile','IE Mobile','$1']"
576,0,"MSIE.*Trident/4\.0","['browser','name','version']","['Internet Explorer','Internet Explorer','8.0']"
577,0,"MSIE.*Trident/5\.0","['browser','name','version']","['Internet Explorer','Internet Explorer','9.0']"
578,0,"MSIE.*Trident/6\.0","['browser','name','version']","['Internet Explorer','Internet Explorer','10.0']"
312,0,"MZBrowser(?:/(\d+[\.\d]+))?","['browser','name','version']","['Meizu Browser','Meizu Browser','$1']"
363,0,"Maemo Browser(?: (\d+[\.\d]+))?","['browser','name','version']","['MicroB','MicroB','$1']"
127,0,"ManagedBrowser(?:/(\d+[\.\d]+))?","['browser','name','version']","['Intune Managed Browser','Intune Managed Browser','$1']"
199,0,"Mandarin Browser/(\d+[\.\d]+)","['browser','name','version']","['Mandarin','Mandarin','$1']"
95,0,"MaxBrowser/(\d+\.[\.\d]+)","['browser','name','version']","['MaxBrowser','MaxBrowser','$1']"
501,0,"Mb2345Browser/(\d+[\.\d]+)","['browser','name','version']","['2345 Browser','2345 Browser','$1']"
461,0,"Mercury/(?:(\d+[\.\d]+))?","['browser','name','version']","['Mercury','Mercury','$1']"
460,0,"Midori(?:[ /](\d+[\.\d]+))?","['browser','name','version']","['Midori','Midori','$1']"
305,0,"Minimo(?:/(\d+[\.\d]+))?","['browser','name','version']","['Minimo','Minimo','$1']"
495,0,"Mint Browser/(\d+[\.\d]+)","['browser','name','version']","['Mint Browser','Mint Browser','$1']"
97,0,"MixerBox-Browser","['browser','name','version']","['MixerBox AI','MixerBox AI','']"
351,0,"Mobicip","['browser','name','version']","['Mobicip','Mobicip','']"
291,0,"Mobile VR.+Firefox","['browser','name','version']","['Firefox Reality','Firefox Reality','']"
467,0,"MobileIron(?:/(\d+[\.\d]+))?","['browser','name','version']","['Iron Mobile','Iron Mobile','$1']"
116,0,"Mogok/(\d+\.[\.\d]+)","['browser','name','version']","['Mogok Browser','Mogok Browser','$1']"
520,0,"MonumentBrowser(?:/(\d+[\.\d]+))?","['browser','name','version']","['Monument Browser','Monument Browser','$1']"
329,0,"MxNitro/(?:(\d+[\.\d]+))","['browser','name','version']","['MxNitro','MxNitro','$1']"
389,0,"Mypal(?:/(\d+[\.\d]+))?","['browser','name','version']","['Mypal','Mypal','$1']"
547,0,"NCSA_Mosaic(?:/(\d+[\.\d]+))?","['browser','name','version']","['NCSA Mosaic','NCSA Mosaic','$1']"
259,0,"NFSBrowser/(?:(\d+[\.\d]+))?","['browser','name','version']","['NFS Browser','NFS Browser','$1']"
517,0,"NTENTBrowser(?:/(\d+[\.\d]+))?","['browser','name','version']","['NTENT Browser','NTENT Browser','$1']"
249,0,"Navigateur web/(?:(\d+[\.\d]+))?","['browser','name','version']","['Navigateur Web','Navigateur Web','$1']"
589,0,"NetFront(?:/(\d+[\.\d]+))?","['browser','name','version']","['NetFront','NetFront','$1']"
588,0,"NetFrontLifeBrowser(?:/(\d+[\.\d]+))?","['browser','name','version']","['NetFront Life','NetFront Life','$1']"
591,0,"NetPositive(?:/(\d+[\.\d]+))?","['browser','name','version']","['NetPositive','NetPositive','$1']"
615,0,"NetSurf(?:/(\d+[\.\d]+))?","['browser','name','version']","['NetSurf','NetSurf','$1']"
130,0,"Ninetails(?:/(\d+[\.\d]+))?","['browser','name','version']","['Ninetails','Ninetails','$1']"
157,0,"Norton/(\d+\.[\.\d]+)","['browser','name','version']","['Norton Private Browser','Norton Private Browser','$1']"
318,0,"NoxBrowser(?:/(\d+[\.\d]+))?","['browser','name','version']","['Nox Browser','Nox Browser','$1']"
153,0,"Nuanti(?:Meta)?/(\d+\.[\.\d]+)","['browser','name','version']","['Nuanti Meta','Nuanti Meta','$1']"
149,0,"Nuviu/(?:(\d+[\.\d]+))?","['browser','name','version']","['Nuviu','Nuviu','$1']"
430,0,"OMI/(\d+[\.\d]+)","['browser','name','version']","['Opera Devices','Opera Devices','$1']"
426,0,"OP(?:RG)?X(?:/(\d+[\.\d]+))?","['browser','name','version']","['Opera GX','Opera GX','$1']"
433,0,"OPT/(\d+[\.\d]+)","['browser','name','version']","['Opera Touch','Opera Touch','$1']"
437,0,"OPiOS/(\d+[\.\d]+)","['browser','name','version']","['Opera Mini iOS','Opera Mini iOS','$1']"
423,0,"Obigo[ ]?(?:InternetBrowser|Browser)?(?:[ /]([a-z0-9]*))?","['browser','name','version']","['Obigo','Obigo','$1']"
424,0,"Obigo|Teleca","['browser','name','version']","['Obigo','Obigo','']"
254,0,"OceanHero/([\.\d]+)","['browser','name','version']","['OceanHero','OceanHero','$1']"
322,0,"OculusBrowser(?:/(\d+[\.\d]+))?","['browser','name','version']","['Oculus Browser','Oculus Browser','$1']"
158,0,"Odd/(\d+\.[\.\d]+)","['browser','name','version']","['Odd Browser','Odd Browser','$1']"
244,0,"Odin/(?:(\d+[\.\d]+))","['browser','name','version']","['Odin','Odin','$1']"
592,0,"Odyssey Web Browser(?:.*OWB/(\d+[\.\d]+))?","['browser','name','version']","['Odyssey Web Browser','Odyssey Web Browser','$1']"
593,0,"OffByOne","['browser','name','version']","['Off By One','Off By One','']"
278,0,"OhHaiBrowser/(?:(\d+[\.\d]+))?","['browser','name','version']","['OhHai Browser','OhHai Browser','$1']"
586,0,"OmniWeb(?:/[v]?(\d+[\.\d]+))?","['browser','name','version']","['OmniWeb','OmniWeb','$1']"
509,0,"OneBrowser(?:[ /](\d+[\.\d]+))?","['browser','name','version']","['ONE Browser','ONE Browser','$1']"
523,0,"OpenFin/(?:(\d+[\.\d]+))","['browser','name','version']","['OpenFin','OpenFin','$1']"
508,0,"Openwave(?:/(\d+[\.\d]+))?","['browser','name','version']","['Openwave Mobile Browser','Openwave Mobile Browser','$1']"
436,0,"Opera ?Mini.+Version/(\d+[\.\d]+)","['browser','name','version']","['Opera Mini','Opera Mini','$1']"
435,0,"Opera ?Mini/(?:att/)?(\d+[\.\d]+)","['browser','name','version']","['Opera Mini','Opera Mini','$1']"
607,0,"Opera%20Coast/(\d+[\.\d]+)? CFNetwork/.+Darwin/.+(?!.*x86_64)","['browser','name','version']","['Coast','Coast','$1']"
427,0,"Opera%20GX/.+CFNetwork/.+Darwin/","['browser','name','version']","['Opera GX','Opera GX','']"
438,0,"Opera%20Mini/(\d+[\.\d]+) CFNetwork","['browser','name','version']","['Opera Mini iOS','Opera Mini iOS','$1']"
431,0,"Opera%20Touch/(\d+[\.\d]+)? CFNetwork/.+Darwin/.+(?!.*x86_64)","['browser','name','version']","['Opera Touch','Opera Touch','$1']"
432,0,"Opera%20Touch/.+CFNetwork/.+Darwin/.+(?!.*x86_64)","['browser','name','version']","['Opera Touch','Opera Touch','']"
439,0,"Opera.+Edition Next.+Version/(\d+[\.\d]+)","['browser','name','version']","['Opera Next','Opera Next','$1']"
434,0,"Opera/(\d+\.[\.\d]+) .*(?<!SymbOS; )Opera Mobi","['browser','name','version']","['Opera Mobile','Opera Mobile','$1']"
442,0,"Opera/.+CFNetwork","['browser','name','version']","['Opera','Opera','']"
366,0,"OppoBrowser(?:/(\d+[\.\d]+))?","['browser','name','version']","['Oppo Browser','Oppo Browser','$1']"
232,0,"Orca/(\d+[\.\d]+)","['browser','name','version']","['Orca','Orca','$1']"
384,0,"Origin/(?:(\d+[\.\d]+))?","['browser','name','version']","['Origin In-Game Overlay','Origin In-Game Overlay','$1']"
307,0,"Origyn Web Browser","['browser','name','version']","['Origyn Web Browser','Origyn Web Browser','']"
227,0,"Otter(?:[ /](\d+[\.\d]+))?","['browser','name','version']","['Otter Browser','Otter Browser','$1']"
262,0,"PHX/(?:(\d+[\.\d]+))?","['browser','name','version']","['Phoenix Browser','Phoenix Browser','$1']"
590,0,"PLAYSTATION|NINTENDO 3|AppleWebKit.+ N[XF]/\d+\.\d+\.\d+","['browser','name','version']","['NetFront','NetFront','']"
376,0,"PaleMoon(?:/(\d+[\.\d]+))?","['browser','name','version']","['Pale Moon','Pale Moon','$1']"
544,0,"Palmscape(?:[ /](\d+[\.\d]+))?","['browser','name','version']","['Palmscape','Palmscape','$1']"
587,0,"Phoenix(?:/(\d+[\.\d]+))?","['browser','name','version']","['Phoenix','Phoenix','$1']"
216,0,"PiBrowser/(\d+[\.\d]+)","['browser','name','version']","['Pi Browser','Pi Browser','$1']"
155,0,"PicoBrowser/(\d+\.[\.\d]+)","['browser','name','version']","['PICO Browser','PICO Browser','$1']"
242,0,"PlayFreeBrowser/(?:(\d+[\.\d]+))?","['browser','name','version']","['PlayFree Browser','PlayFree Browser','$1']"
537,0,"PocketBook/","['browser','name','version']","['PocketBook Browser','PocketBook Browser','']"
220,0,"PolyBrowser/(\d+[\.\d]+)","['browser','name','version']","['PolyBrowser','PolyBrowser','$1']"
277,0,"Polypane/(?:(\d+[\.\d]+))?","['browser','name','version']","['Polypane','Polypane','$1']"
541,0,"Pre/(\d+[\.\d]+)","['browser','name','version']","['Palm Pre','Palm Pre','$1']"
263,0,"PrivacyWall/(?:(\d+[\.\d]+))?","['browser','name','version']","['PrivacyWall','PrivacyWall','$1']"
185,0,"Private Browser/(\d+[\.\d]+) Chrome/","['browser','name','version']","['Secure Private Browser','Secure Private Browser','$1']"
466,0,"Puffin(?:/(\d+[\.\d]+))?","['browser','name','version']","['Puffin','Puffin','$1']"
346,0,"QIHU 360[ES]E|QihooBrowserHD/(\d+[.\d]+)","['browser','name','version']","['360 Secure Browser','360 Secure Browser','$1']"
474,0,"QQBrowserLite/([\d\.]+)","['browser','name','version']","['QQ Browser Lite','QQ Browser Lite','$1']"
203,0,"Qazweb/(\d+[\.\d]+)","['browser','name','version']","['Qazweb','Qazweb','$1']"
111,0,"Qiyu/(\d+\.[\.\d]+)","['browser','name','version']","['Qiyu','Qiyu','$1']"
527,0,"QtWebEngine/(\d+[\.\d]+)","['browser','name','version']","['QtWebEngine','QtWebEngine','$1']"
519,0,"Quark(?:/(\d+[\.\d]+))?","['browser','name','version']","['Quark','Quark','$1']"
141,0,"Quick Search TV(?:/(?:Wild Moon Edition )?(\d+[\.\d]+))?","['browser','name','version']","['Quick Search TV','Quick Search TV','$1']"
338,0,"Qwant/(\d+[\.\d]+)","['browser','name','version']","['Qwant Mobile','Qwant Mobile','$1']"
337,0,"QwantMobile(?:/(\d+[\.\d]+))?","['browser','name','version']","['Qwant Mobile','Qwant Mobile','$1']"
335,0,"QwantiOS/(\d+[\.\d]+)","['browser','name','version']","['Qwant Mobile','Qwant Mobile','$1']"
134,0,"RakutenBrowser(?:/(\d+[\.\d]+))?","['browser','name','version']","['Rakuten Browser','Rakuten Browser','$1']"
135,0,"RakutenWebSearch(?:/(\d+[\.\d]+))?","['browser','name','version']","['Rakuten Web Search','Rakuten Web Search','$1']"
140,0,"Raspbian Chromium/(?:(\d+[\.\d]+))?","['browser','name','version']","['Raspbian Chromium','Raspbian Chromium','$1']"
333,0,"RealmeBrowser(?:/(\d+[\.\d]+))?","['browser','name','version']","['Realme Browser','Realme Browser','$1']"
183,0,"ReqwirelessWeb/(\d+[\.\d]+)","['browser','name','version']","['Reqwireless WebViewer','Reqwireless WebViewer','$1']"
415,0,"RockMelt(?:/(\d+[\.\d]+))?","['browser','name','version']","['RockMelt','RockMelt','$1']"
489,0,"Rocket/(\d+[\.\d]+)","['browser','name','version']","['Firefox Rocket','Firefox Rocket','$1']"
154,0,"RokuBrowser/(\d+\.[\.\d]+)","['browser','name','version']","['Roku Browser','Roku Browser','$1']"
514,0,"S40OviBrowser/(\d+[\.\d]+)","['browser','name','version']","['Nokia Ovi Browser','Nokia Ovi Browser','$1']"
473,0,"SE (\d+[\.\d]+)","['browser','name','version']","['Sogou Explorer','Sogou Explorer','$1']"
268,0,"SEB/(?:(\d+[\.\d]+))?","['browser','name','version']","['Safe Exam Browser','Safe Exam Browser','$1']"
596,0,"SEMC-Browser(?:[/ ](\d+[\.\d]+))?","['browser','name','version']","['SEMC-Browser','SEMC-Browser','$1']"
247,0,"SFive(?:_Android)?/.+ Chrome/(\d+[\.\d]+)","['browser','name','version']","['SFive','SFive','$1']"
248,0,"SFive_IOS/(\d+[\.\d]+)","['browser','name','version']","['SFive','SFive','$1']"
256,0,"SLBrowser/(?:(\d+[\.\d]+))?","['browser','name','version']","['Smart Lenovo Browser','Smart Lenovo Browser','$1']"
621,0,"SP%20Browser/(\d+[\.\d]+)","['browser','name','version']","['SP Browser','SP Browser','$1']"
324,0,"SY/(\d+[\.\d]+) Chrome/","['browser','name','version']","['Stampy Browser','Stampy Browser','$1']"
609,0,"Safari%20Technology%20Preview/(\d+[\.\d]+)","['browser','name','version']","['Safari','Safari Technology Preview','$1']"
159,0,"Safari/537\.36 (?:Browser|Navegador)","['browser','name','version']","['APN Browser','APN Browser','']"
7,0,"Safari/\d+","['browser']","['Safari']"
349,0,"SailfishBrowser(?:/(\d+[\.\d]+))?","['browser','name','version']","['Sailfish Browser','Sailfish Browser','$1']"
303,0,"SalamWeb(?:/(\d+[\.\d]+))?","['browser','name','version']","['SalamWeb','SalamWeb','$1']"
480,0,"Samsung ?Browser(?:[/ ](\d+[\.\d]+))?","['browser','name','version']","['Samsung Browser','Samsung Browser','$1']"
139,0,"SberBrowser/(\d+\.[\.\d]+)","['browser','name','version']","['SberBrowser','SberBrowser','$1']"
2,0,"Seamonkey/\d+","['browser']","['Seamonkey']"
196,0,"Secure/(?:(\d+[\.\d]+))?","['browser','name','version']","['Secure Browser','Secure Browser','$1']"
251,0,"SeewoBrowser/(?:(\d+[\.\d]+))?","['browser','name','version']","['Seewo Browser','Seewo Browser','$1']"
513,0,"Series60/(\d+[\.\d]+)","['browser','name','version']","['Nokia OSS Browser','Nokia OSS Browser','$1']"
512,0,"Series60/5\.0","['browser','name','version']","['Nokia Browser','Nokia Browser','7.0']"
597,0,"Shiira(?:[/ ](\d+[\.\d]+))?","['browser','name','version']","['Shiira','Shiira','$1']"
503,0,"Silk(?:/(\d+[\.\d]+))?","['browser','name','version']","['Mobile Silk','Mobile Silk','$1']"
502,0,"Silk/(\d+[\.\d]+) like Chrome","['browser','name','version']","['Mobile Silk','Mobile Silk','$1']"
617,0,"SimpleBrowser","['browser','name','version']","['SimpleBrowser','SimpleBrowser','']"
182,0,"SiteKiosk (\d+[\.\d]+)","['browser','name','version']","['SiteKiosk','SiteKiosk','$1']"
279,0,"Sizzy/(?:(\d+[\.\d]+))?","['browser','name','version']","['Sizzy','Sizzy','$1']"
94,0,"SkyLeap/(\d+\.[\.\d]+)","['browser','name','version']","['SkyLeap','SkyLeap','$1']"
142,0,"Skye/(\d+\.[\.\d]+)","['browser','name','version']","['Skye','Skye','$1']"
598,0,"Skyfire(?:[/ ](\d+[\.\d]+))?","['browser','name','version']","['Skyfire','Skyfire','$1']"
516,0,"Sleipnir(?:(?:%20Browser)?[ /](\d+[\.\d]+))?","['browser','name','version']","['Sleipnir','Sleipnir','$1']"
326,0,"SlimBoat/(?:(\d+[\.\d]+))","['browser','name','version']","['SlimBoat','SlimBoat','$1']"
327,0,"Slimjet/(?:(\d+[\.\d]+))","['browser','name','version']","['Slimjet','Slimjet','$1']"
229,0,"Smooz/(\d+[\.\d]+)","['browser','name','version']","['Smooz','Smooz','$1']"
599,0,"Snowshoe(?:/(\d+[\.\d]+))?","['browser','name','version']","['Snowshoe','Snowshoe','$1']"
494,0,"SogouMobileBrowser/(\d+[\.\d]+)","['browser','name','version']","['Sogou Mobile Browser','Sogou Mobile Browser','$1']"
525,0,"Soul(?:Browser)?$|Soul/","['browser','name','version']","['Soul Browser','Soul Browser','']"
168,0,"Sparrow/.+CFNetwork","['browser','name','version']","['Viasat Browser','Viasat Browser','']"
320,0,"SputnikBrowser(?:/(\d+[\.\d]+))?","['browser','name','version']","['Sputnik Browser','Sputnik Browser','$1']"
250,0,"Sraf(?:[/ ](\d+[\.\d]+))?","['browser','name','version']","['Seraphic Sraf','Seraphic Sraf','$1']"
258,0,"Stargon/(?:(\d+[\.\d]+))?","['browser','name','version']","['Stargon','Stargon','$1']"
294,0,"Start/(?:(\d+[\.\d]+))?","['browser','name','version']","['START Internet Browser','START Internet Browser','$1']"
485,0,"Streamy(?:/(\d+[\.\d]+))?","['browser','name','version']","['Streamy','Streamy','$1']"
600,0,"Sunrise(?:Browser)?(?:/(\d+[\.\d]+))?","['browser','name','version']","['Sunrise','Sunrise','$1']"
524,0,"SuperBird(?:/(\d+[\.\d]+))?","['browser','name','version']","['SuperBird','SuperBird','$1']"
608,0,"Surf(?:/(\d+[\.\d]+))?","['browser','name','version']","['surf','surf','$1']"
173,0,"SurfBrowser/(\d+[\.\d]+)","['browser','name','version']","['Surf Browser','Surf Browser','$1']"
122,0,"SurfyBrowser/(\d+[\.\d]+)","['browser','name','version']","['Surfy Browser','Surfy Browser','$1']"
187,0,"SushiBrowser/(\d+[\.\d]+)","['browser','name','version']","['Sushi Browser','Sushi Browser','$1']"
493,0,"SznProhlizec/(\d+[\.\d]+)","['browser','name','version']","['Seznam Browser','Seznam Browser','$1']"
321,0,"TNSBrowser(?:/(\d+[\.\d]+))?","['browser','name','version']","['K.Browser','K.Browser','$1']"
518,0,"TV Bro/(\d+[\.\d]+)","['browser','name','version']","['TV Bro','TV Bro','$1']"
184,0,"T\+Browser/(\d+[\.\d]+)","['browser','name','version']","['T+Browser','T+Browser','$1']"
300,0,"TaoBrowser(?:/(\d+[\.\d]+))?","['browser','name','version']","['Tao Browser','Tao Browser','$1']"
245,0,"Tbrowser/(\d+[\.\d]+)","['browser','name','version']","['T-Browser','T-Browser','$1']"
339,0,"TenFourFox(?:/(\d+[\.\d]+))?","['browser','name','version']","['TenFourFox','TenFourFox','$1']"
488,0,"Tenta/(\d+[\.\d]+)","['browser','name','version']","['Tenta Browser','Tenta Browser','$1']"
1,0,"Tizen","['browser']","['']"
539,0,"Tizen (?:\d+\.[\.\d]+)[^\.\d].* Version/(\d+[\.\d]+) (?:TV|Mobile|like)","['browser','name','version']","['Tizen Browser','Tizen Browser','$1']"
281,0,"ToGate/(?:(\d+[\.\d]+))?","['browser','name','version']","['ToGate','ToGate','$1']"
200,0,"Torrent/(\d+[\.\d]+)","['browser','name','version']","['Maelstrom','Maelstrom','$1']"
579,0,"Trident/[78]\.0","['browser','name','version']","['Internet Explorer','Internet Explorer','11.0']"
271,0,"TungstenBrowser/(?:(\d+[\.\d]+))?","['browser','name','version']","['Tungsten','Tungsten','$1']"
458,0,"TweakStyle(?:/(\d+[\.\d]+))?","['browser','name','version']","['TweakStyle','TweakStyle','$1']"
484,0,"UBrowser(?:/(\d+[\.\d]+))?","['browser','name','version']","['UBrowser','UBrowser','$1']"
402,0,"UC AppleWebKit","['browser','name','version']","['UC Browser','UC Browser','']"
403,0,"UC%20Browser/(\d+[\.\d]+)? CFNetwork/.+Darwin/.+(?!.*x86_64)","['browser','name','version']","['UC Browser','UC Browser','$1']"
394,0,"UCBrowserHD/(\d[\d\.]+)","['browser','name','version']","['UC Browser HD','UC Browser HD','$1']"
395,0,"UCMini(?:[ /]?(\d+[\.\d]+))?","['browser','name','version']","['UC Browser Mini','UC Browser Mini','$1']"
398,0,"UCTurbo(?:[ /]?(\d+[\.\d]+))?","['browser','name','version']","['UC Browser Turbo','UC Browser Turbo','$1']"
401,0,"UCWEB(?:[ /]?(\d+[\.\d]+))?","['browser','name','version']","['UC Browser','UC Browser','$1']"
400,0,"UC[ ]?Browser(?:[ /]?(\d+[\.\d]+))?","['browser','name','version']","['UC Browser','UC Browser','$1']"
396,0,"UC[ ]?Browser.* \(UCMini\)","['browser','name','version']","['UC Browser Mini','UC Browser Mini','']"
399,0,"UC[ ]?Browser.* \(UCTurbo\)","['browser','name','version']","['UC Browser Turbo','UC Browser Turbo','']"
507,0,"UP\.Browser(?:/(\d+[\.\d]+))?","['browser','name','version']","['Openwave Mobile Browser','Openwave Mobile Browser','$1']"
253,0,"UR/(?:(\d+[\.\d]+))","['browser','name','version']","['UR Browser','UR Browser','$1']"
616,0,"Uzbl","['browser','name','version']","['Uzbl','Uzbl','']"
143,0,"VD/\d+","['browser','name','version']","['VD Browser','VD Browser','']"
287,0,"Valve Steam GameOverlay/(?:(\d+[\.\d]+))?","['browser','name','version']","['Steam In-Game Overlay','Steam In-Game Overlay','$1']"
225,0,"VenusBrowser/(\d+[\.\d]+)","['browser','name','version']","['Venus Browser','Venus Browser','$1']"
613,0,"Version/(\d+\.[\.\d]+) .*Safari/|(?:Safari|Safari(?:%20)?%E6%B5%8F%E8%A7%88%E5%99%A8)/?\d+","['browser','name','version']","['Safari','Safari','$1']"
198,0,"Version/.+Chrome/.+EdgW/(\d+[\.\d]+)","['browser','name','version']","['Edge WebView','Edge WebView','$1']"
354,0,"VertexSurf/(\d+\.[.\d]+)","['browser','name','version']","['Vertex Surf','Vertex Surf','$1']"
136,0,"VibeMate(?:/(\d+[\.\d]+))?","['browser','name','version']","['VibeMate','VibeMate','$1']"
457,0,"Viv(?:aldi)?/(\d+[\.\d]+)","['browser','name','version']","['Vivaldi','Vivaldi','$1']"
332,0,"VivoBrowser(?:/(\d+[\.\d]+))?","['browser','name','version']","['vivo Browser','vivo Browser','$1']"
103,0,"Vonkeror(?:/(\d+[\.\d]+))?","['browser','name','version']","['Vonkeror','Vonkeror','$1']"
620,0,"WAP Browser/MAUI|(?:\w*)Maui Wap Browser|MAUI[- ]Browser","['browser','name','version']","['MAUI WAP Browser','MAUI WAP Browser','']"
306,0,"WIB(?:/(\d+[\.\d]+))?","['browser','name','version']","['Wear Internet Browser','Wear Internet Browser','$1']"
353,0,"Waterfox(?:/(\d+[\.\d]+))?","['browser','name','version']","['Waterfox','Waterfox','$1']"
601,0,"WeTab-Browser","['browser','name','version']","['WeTab Browser','WeTab Browser','']"
490,0,"Web Explorer/(\d+\.[\.\d]+) .*Chrome","['browser','name','version']","['Web Explorer','Web Explorer','$1']"
112,0,"WebDiscover/(\d+\.[\.\d]+)","['browser','name','version']","['WebDiscover','WebDiscover','$1']"
374,0,"WebPositive","['browser','name','version']","['WebPositive','WebPositive','']"
543,0,"WebPro(?:[ /](\d+[\.\d]+))?","['browser','name','version']","['Palm WebPro','Palm WebPro','$1']"
102,0,"WebianShell/(\d+[\.\d]+)","['browser','name','version']","['Webian Shell','Webian Shell','$1']"
90,0,"WeltweitimnetzBrowser/(\d+\.[\.\d]+)","['browser','name','version']","['Weltweitimnetz Browser','Weltweitimnetz Browser','$1']"
131,0,"Wexond(?:/(\d+[\.\d]+))?","['browser','name','version']","['Wexond','Wexond','$1']"
422,0,"Whale/(\d+[\.\d]+)","['browser','name','version']","['Whale Browser','Whale Browser','$1']"
623,0,"Windows","['device_type']","['DESKTOP']"
290,0,"Wolvic/(\d+\.[.\d]+)","['browser','name','version']","['Wolvic','Wolvic','$1']"
104,0,"Wyzo/(\d+\.[\.\d]+)","['browser','name','version']","['Wyzo','Wyzo','$1']"
602,0,"Xiino(?:/(\d+[\.\d]+))?","['browser','name','version']","['Xiino','Xiino','$1']"
270,0,"Xvast/(?:(\d+[\.\d]+))?","['browser','name','version']","['Xvast','Xvast','$1']"
160,0,"YAGI/(\d+\.[\.\d]+)","['browser','name','version']","['YAGI','YAGI','$1']"
456,0,"Ya(?:ndex)?SearchBrowser(?:/(\d+[\.\d]*))","['browser','name','version']","['Yandex Browser','Yandex Browser','$1']"
452,0,"YaBrowser(?:/(\d+[\.\d]*)) YaApp_iOS","['browser','name','version']","['Yandex Browser','Yandex Browser','$1']"
454,0,"YaBrowser(?:/(\d+[\.\d]*)) \(lite\)?","['browser','name','version']","['Yandex Browser Lite','Yandex Browser Lite','$1']"
455,0,"YaBrowser(?:/(\d+[\.\d]*))(?: \((alpha|beta)\))?","['browser','name','version']","['Yandex Browser','Yandex Browser','$1 $2']"
261,0,"YoloBrowser/(?:(\d+[\.\d]+))?","['browser','name','version']","['Yolo Browser','Yolo Browser','$1']"
96,0,"YouBrowser/(\d+\.[\.\d]+)","['browser','name','version']","['YouBrowser','YouBrowser','$1']"
241,0,"Zetakey/(\d+[\.\d]+)","['browser','name','version']","['Zetakey','Zetakey','$1']"
618,0,"Zvu(?:/(\d+[\.\d]+))?","['browser','name','version']","['Zvu','Zvu','$1']"
17,0,"\([^,]+,[^,]+,([^,]+),([^,]+)\) Android/\d+","['brand','device_type','os']","['$1','$2','Android']"
9,0,"\([^,]+,[^,]+,[^,]+,([^,]+)\) Android/\d+","['device_type']","['$1']"
144,0,"\[(?:HB/29|PB/(?:66|81))\]","['browser','name','version']","['SecureX','SecureX','']"
145,0,"\[HS/\d+\]","['browser','name','version']","['HotBrowser','HotBrowser','']"
146,0,"\[PB/\d+\]","['browser','name','version']","['Proxy Browser','Proxy Browser','']"
178,0,"\d+/tclwebkit(?:\d+[\.\d]*)","['browser','name','version']","['BrowseHere','BrowseHere','']"
10,0,"^(Roku)/DVP-(\d+)\.(\d+)","['browser','device_type','os','os_v1','os_v2']","['','STB','$1','$2','$3']"
32,0,"^(\w+)\s+CDN$","['os']","['$1']"
12,0,"^FetchTV","['browser','device_type','os']","['','STB','Linux']"
11,0,"^Fire OS/(\d+).(\d+)","['browser','device_type','os','os_v1','os_v2']","['','STB','Fire OS','$1','$2']"
14,0,"^Lavf/\d+,\d+,\d+$","['device_type']","['DESKTOP']"
515,0,"^Nokia|Nokia[EN]?\d+","['browser','name','version']","['Nokia Browser','Nokia Browser','']"
147,0,"^Normalized (?:iPad|iPhone) \(iOS Safari\)","['browser','name','version']","['Onion Browser','Onion Browser','']"
109,0,"^PB(\d+\.[\.\d]+)","['browser','name','version']","['PirateBrowser','PirateBrowser','$1']"
15,0,"^VLC","['device_type']","['DESKTOP']"
16,0,"^curl","['device_type']","['DESKTOP']"
100,0,"^w3m/(\d+[\.\d]+)","['browser','name','version']","['w3m','w3m','$1']"
549,0,"amaya(?:/(\d+[\.\d]+))?","['browser','name','version']","['Amaya','Amaya','$1']"
554,0,"bline(?:/(\d+[\.\d]+))?","['browser','name','version']","['B-Line','B-Line','$1']"
164,0,"bloket","['browser','name','version']","['Bloket','Bloket','']"
193,0,"bonsai-browser/(\d+[\.\d]+)","['browser','name','version']","['Bonsai','Bonsai','$1']"
132,0,"catalyst(?:/(\d+[\.\d]+))?","['browser','name','version']","['Catalyst','Catalyst','$1']"
532,0,"chromeframe(?:/(\d+[\.\d]+))?","['browser','name','version']","['Chrome Frame','Chrome Frame','$1']"
151,0,"com\.airfind\.browser/(?:(\d+[\.\d]+))?","['browser','name','version']","['Airfind Secure Browser','Airfind Secure Browser','$1']"
482,0,"com\.browser\.tssomas(?:/(\d+[\.\d]+))?","['browser','name','version']","['Super Fast Browser','Super Fast Browser','$1']"
246,0,"com\.tcl\.browser","['browser','name','version']","['BrowseHere','BrowseHere','$1']"
188,0,"dBrowser/(\d+[\.\d]+)","['browser','name','version']","['Peeps dBrowser','Peeps dBrowser','$1']"
558,0,"dbrowser","['browser','name','version']","['dbrowser','dbrowser','']"
563,0,"eZBrowser(?:/(\d+[\.\d]+))?","['browser','name','version']","['eZ Browser','eZ Browser','$1']"
148,0,"fGet/","['browser','name','version']","['fGet','fGet','']"
219,0,"flast/(\d+[\.\d]+)","['browser','name','version']","['Flast','Flast','$1']"
276,0,"i?Lunascape(?:[/ ](\d+\.[.\d]+))?","['browser','name','version']","['Lunascape','Lunascape','$1']"
505,0,"iBrowser/(\d+\.[.\d]+)?","['browser','name','version']","['iBrowser','iBrowser','$1']"
504,0,"iBrowser/Mini(\d+\.\d+)","['browser','name','version']","['iBrowser Mini','iBrowser Mini','$1']"
572,0,"iCab(?:[ /](\d+[\.\d]+))?","['browser','name','version']","['iCab','iCab','$1']"
571,0,"iCabMobile(?:[ /](\d+[\.\d]+))?","['browser','name','version']","['iCab Mobile','iCab Mobile','$1']"
274,0,"iLunascapeLite/(?:(\d+\.[.\d]+))?","['browser','name','version']","['Lunascape Lite','Lunascape Lite','$1']"
453,0,"iP(?:hone|ad);.+YaBrowser(?:/(\d+[\.\d]*)) Mobile","['browser','name','version']","['Yandex Browser','Yandex Browser','$1']"
486,0,"isivioo","['browser','name','version']","['Isivioo','Isivioo','']"
381,0,"jig browser(?: web;|9i?)?(?:[/ ](\d+[\.\d]+))?","['browser','name','version']","['Jig Browser','Jig Browser','$1']"
190,0,"lagatos-browser/(\d+[\.\d]+)","['browser','name','version']","['Lagatos Browser','Lagatos Browser','$1']"
171,0,"lexi/(\d+[\.\d]+)","['browser','name','version']","['Lexi Browser','Lexi Browser','$1']"
302,0,"mCent(?:/(\d+[\.\d]+))?","['browser','name','version']","['mCent','mCent','$1']"
191,0,"psi-secure-browser/(\d+[\.\d]+)","['browser','name','version']","['PSI Secure Browser','PSI Secure Browser','$1']"
218,0,"qutebrowser(?:/(\d+[\.\d]+))?","['browser','name','version']","['Qutebrowser','Qutebrowser','$1']"
217,0,"qutebrowser/(\d+\.[\.\d]+) .*Chrome","['browser','name','version']","['Qutebrowser','Qutebrowser','$1']"
444,0,"rekonq(?:/(\d+[\.\d]+))?","['browser','name','version']","['Rekonq','Rekonq','$1']"
194,0,"spectre-browser/(\d+[\.\d]+)","['browser','name','version']","['Spectre Browser','Spectre Browser','$1']"
311,0,"splash Version(?:/(\d+[\.\d]+))?","['browser','name','version']","['Splash','Splash','$1']"
93,0,"sppm_bizbrowser","['browser','name','version']","['BizBrowser','BizBrowser','']"
138,0,"tararia/(\d+\.[\.\d]+)","['browser','name','version']","['tararia','tararia','$1']"
491,0,"webexplorer/(\d+)","['browser','name','version']","['Web Explorer','Web Explorer','$1']"
89,0,"xChaos_Arachne/5\.(\d+\.[\.\d]+)","['browser','name','version']","['Arachne','Arachne','$1']"
236,0,"xStand/(\d+[\.\d]+)","['browser','name','version']","['xStand','xStand','$1']"
273,0,"ybrowser/(?:(\d+[\.\d]+))?","['browser','name','version']","['Yahoo! Japan Browser','Yahoo! Japan Browser','$1']"
137,0,"yixia\.browser/com\.donerbrowser\.app/","['browser','name','version']","['Colom Browser','Colom Browser','']"
175,0,"youcare-android-app","['browser','name','version']","['YouCare','YouCare','']"
176,0,"youcare-ios-app","['browser','name','version']","['YouCare','YouCare','']"
