136,0," (Dar)(win)/(10).(\d+).{0,100}\((?:i386|x86_64)\)","['os','os_v1','os_v2','os_v3','os_v4']","['Mac OS X','10','6','$4','$5']"
137,0," (Dar)(win)/(11).(\d+).{0,100}\((?:i386|x86_64)\)","['os','os_v1','os_v2','os_v3','os_v4']","['Mac OS X','10','7','$4','$5']"
138,0," (Dar)(win)/(12).(\d+).{0,100}\((?:i386|x86_64)\)","['os','os_v1','os_v2','os_v3','os_v4']","['Mac OS X','10','8','$4','$5']"
139,0," (Dar)(win)/(13).(\d+).{0,100}\((?:i386|x86_64)\)","['os','os_v1','os_v2','os_v3','os_v4']","['Mac OS X','10','9','$4','$5']"
135,0," (Dar)(win)/(9).(\d+).{0,100}\((?:i386|x86_64|Power Macintosh)\)","['os','os_v1','os_v2','os_v3','os_v4']","['Mac OS X','10','5','$4','$5']"
133,0,"((?:Mac[ +]?|; )OS[ +]X)[\s+/](?:(\d+)[_.](\d+)(?:[_.](\d+)|)|Mach-O)","['os','os_v1','os_v2','os_v3','os_v4']","['Mac OS X','$2','$3','$4','$5']"
141,0,"(?:PPC|Intel) (Mac OS X)","['os','os_v1','os_v2','os_v3','os_v4']","['$1','$2','$3','$4','$5']"
102,0,"(Android) (\d+);","['os','os_v1','os_v2','os_v3','os_v4']","['$1','$2','$3','$4','$5']"
97,0,"(Android) Donut","['os','os_v1','os_v2','os_v3','os_v4']","['$1','1','2','$4','$5']"
98,0,"(Android) Eclair","['os','os_v1','os_v2','os_v3','os_v4']","['$1','2','1','$4','$5']"
99,0,"(Android) Froyo","['os','os_v1','os_v2','os_v3','os_v4']","['$1','2','2','$4','$5']"
100,0,"(Android) Gingerbread","['os','os_v1','os_v2','os_v3','os_v4']","['$1','2','3','$4','$5']"
101,0,"(Android) Honeycomb","['os','os_v1','os_v2','os_v3','os_v4']","['$1','3','$3','$4','$5']"
103,0,"(Android): (\d+)(?:\.(\d+)(?:\.(\d+)|)|);","['os','os_v1','os_v2','os_v3','os_v4']","['$1','$2','$3','$4','$5']"
96,0,"(Android)[ \-/](\d+)(?:\.(\d+)|)(?:[.\-]([a-z0-9]+)|)","['os','os_v1','os_v2','os_v3','os_v4']","['$1','$2','$3','$4','$5']"
143,0,"(Apple\s?TV)(?:/(\d+)\.(\d+)|)","['os','os_v1','os_v2','os_v3','os_v4']","['tvOS','$2','$3','$4','$5']"
242,0,"(BB10);.{1,200}Version/(\d+)\.(\d+)\.(\d+)","['os','os_v1','os_v2','os_v3','os_v4']","['BlackBerry OS','$2','$3','$4','$5']"
258,0,"(BREW);","['os','os_v1','os_v2','os_v3','os_v4']","['$1','$2','$3','$4','$5']"
257,0,"(BREW)[ /](\d+)\.(\d+)\.(\d+)","['os','os_v1','os_v2','os_v3','os_v4']","['$1','$2','$3','$4','$5']"
247,0,"(Black[Bb]erry)","['os','os_v1','os_v2','os_v3','os_v4']","['BlackBerry OS','$2','$3','$4','$5']"
244,0,"(Black[Bb]erry).{1,200}Version/(\d+)\.(\d+)\.(\d+)(?:\.(\d+)|)","['os','os_v1','os_v2','os_v3','os_v4']","['BlackBerry OS','$2','$3','$4','$5']"
243,0,"(Black[Bb]erry)[0-9a-z]+/(\d+)\.(\d+)\.(\d+)(?:\.(\d+)|)","['os','os_v1','os_v2','os_v3','os_v4']","['BlackBerry OS','$2','$3','$4','$5']"
259,0,"(Brew MP|BMP)[ /](\d+)\.(\d+)\.(\d+)","['os','os_v1','os_v2','os_v3','os_v4']","['Brew MP','$2','$3','$4','$5']"
159,0,"(CF)(Network)/(720)\.(\d)","['os','os_v1','os_v2','os_v3','os_v4']","['Mac OS X','10','10','$4','$5']"
160,0,"(CF)(Network)/(760)\.(\d)","['os','os_v1','os_v2','os_v3','os_v4']","['Mac OS X','10','11','$4','$5']"
155,0,"(CF)(Network)/6(7)(2)\.1\.15","['os','os_v1','os_v2','os_v3','os_v4']","['iOS','7','1','$4','$5']"
158,0,"(CF)(Network)/711\.(\d)","['os','os_v1','os_v2','os_v3','os_v4']","['iOS','8','$3','$4','$5']"
164,0,"(CF)(Network)/758\.(\d)","['os','os_v1','os_v2','os_v3','os_v4']","['iOS','9','$3','$4','$5']"
166,0,"(CF)(Network)/808\.(\d)","['os','os_v1','os_v2','os_v3','os_v4']","['iOS','10','$3','$4','$5']"
150,0,"(CFNetwork)/(4)85\.1(3)\.9","['os','os_v1','os_v2','os_v3','os_v4']","['iOS','$2','$3','$4','$5']"
148,0,"(CFNetwork)/(5)48\.(0)\.4.{0,100} Darwin/(1)1\.0\.0","['os','os_v1','os_v2','os_v3','os_v4']","['iOS','$2','$3','$4','$5']"
149,0,"(CFNetwork)/(5)48\.(1)\.4","['os','os_v1','os_v2','os_v3','os_v4']","['iOS','$2','$3','$4','$5']"
147,0,"(CFNetwork)/(5)48\.0\.3.{0,100} Darwin/11\.0\.0","['os','os_v1','os_v2','os_v3','os_v4']","['iOS','$2','$3','$4','$5']"
152,0,"(CFNetwork)/(6)(0)9","['os','os_v1','os_v2','os_v3','os_v4']","['iOS','$2','$3','$4','$5']"
151,0,"(CFNetwork)/(6)09\.(1)\.4","['os','os_v1','os_v2','os_v3','os_v4']","['iOS','$2','$3','$4','$5']"
156,0,"(CFNetwork)/6(7)2\.(0)\.(?:2|8)","['os','os_v1','os_v2','os_v3','os_v4']","['iOS','$2','$3','$4','$5']"
154,0,"(CFNetwork)/6(7)2\.(1)\.(1)4","['os','os_v1','os_v2','os_v3','os_v4']","['iOS','$2','$3','$4','$5']"
153,0,"(CFNetwork)/6(7)2\.(1)\.13","['os','os_v1','os_v2','os_v3','os_v4']","['iOS','$2','$3','$4','$5']"
157,0,"(CFNetwork)/709\.1","['os','os_v1','os_v2','os_v3','os_v4']","['iOS','8','0.b5','$4','$5']"
93,0,"(CPU[ +]OS|iPhone[ +]OS|CPU[ +]iPhone)[ +]+(\d+)[_\.](\d+)(?:[_\.](\d+)|).{0,100}Outlook-iOS-Android","['os','os_v1','os_v2','os_v3','os_v4']","['iOS','$2','$3','$4','$5']"
144,0,"(CPU[ +]OS|iPhone[ +]OS|CPU[ +]iPhone|CPU IPhone OS|CPU iPad OS)[ +]+(\d+)[_\.](\d+)(?:[_\.](\d+)|)","['os','os_v1','os_v2','os_v3','os_v4']","['iOS','$2','$3','$4','$5']"
263,0,"(CrKey)(?:[/](\d+)\.(\d+)(?:\.(\d+)|)|)","['os','os_v1','os_v2','os_v3','os_v4']","['Chromecast','$2','$3','$4','$5']"
229,0,"(CrOS) [a-z0-9_]+ (\d+)\.(\d+)(?:\.(\d+)|)","['os','os_v1','os_v2','os_v3','os_v4']","['Chrome OS','$2','$3','$4','$5']"
266,0,"(Fedora|Red Hat|PCLinuxOS|Puppy|Ubuntu|Kindle|Bada|Sailfish|Lubuntu|BackTrack|Slackware|(?:Free|Open|Net|\b)BSD)[/ ](\d+)\.(\d+)(?:\.(\d+)|)(?:\.(\d+)|)","['os','os_v1','os_v2','os_v3','os_v4']","['$1','$2','$3','$4','$5']"
261,0,"(GoogleTV)(?: (\d+)\.(\d+)(?:\.(\d+)|)|/[\da-z]+)","['os','os_v1','os_v2','os_v3','os_v4']","['$1','$2','$3','$4','$5']"
248,0,"(K[Aa][Ii]OS)\/(\d+)\.(\d+)(?:\.(\d+)|)","['os','os_v1','os_v2','os_v3','os_v4']","['KaiOS','$2','$3','$4','$5']"
231,0,"(Linux Mint)(?:/(\d+)|)","['os','os_v1','os_v2','os_v3','os_v4']","['$1','$2','$3','$4','$5']"
271,0,"(Linux)(?:[ /](\d+)\.(\d+)(?:\.(\d+)|)|)","['os','os_v1','os_v2','os_v3','os_v4']","['$1','$2','$3','$4','$5']"
267,0,"(Linux)[ /](\d+)\.(\d+)(?:\.(\d+)|).{0,100}gentoo","['os','os_v1','os_v2','os_v3','os_v4']","['Gentoo','$2','$3','$4','$5']"
232,0,"(Mandriva)(?: Linux|)/(?:[\d.-]+m[a-z]{2}(\d+).(\d)|)","['os','os_v1','os_v2','os_v3','os_v4']","['$1','$2','$3','$4','$5']"
238,0,"(MeeGo)","['os','os_v1','os_v2','os_v3','os_v4']","['$1','$2','$3','$4','$5']"
246,0,"(Play[Bb]ook)","['os','os_v1','os_v2','os_v3','os_v4']","['BlackBerry Tablet OS','$2','$3','$4','$5']"
245,0,"(RIM Tablet OS) (\d+)\.(\d+)\.(\d+)","['os','os_v1','os_v2','os_v3','os_v4']","['BlackBerry Tablet OS','$2','$3','$4','$5']"
110,0,"(Silk-Accelerated=[a-z]{4,5})","['os','os_v1','os_v2','os_v3','os_v4']","['Android','$2','$3','$4','$5']"
61,0,"(Smart|SMART|smart)-?\s*(?:TV|tv)","['device_type']","['TV']"
236,0,"(Symbian/3)","['os','os_v1','os_v2','os_v3','os_v4']","['Symbian^3','$2','$3','$4','$5']"
234,0,"(Symbian/3).{1,200}NokiaBrowser/7\.3","['os','os_v1','os_v2','os_v3','os_v4']","['Symbian^3 Anna','$2','$3','$4','$5']"
235,0,"(Symbian/3).{1,200}NokiaBrowser/7\.4","['os','os_v1','os_v2','os_v3','os_v4']","['Symbian^3 Belle','$2','$3','$4','$5']"
233,0,"(Symbian[Oo][Ss])[/ ](\d+)\.(\d+)","['os','os_v1','os_v2','os_v3','os_v4']","['Symbian OS','$2','$3','$4','$5']"
132,0,"(Tizen)[/ ](\d+)\.(\d+)","['os','os_v1','os_v2','os_v3','os_v4']","['$1','$2','$3','$4','$5']"
270,0,"(Ubuntu|Kubuntu|Arch Linux|CentOS|Slackware|Gentoo|openSUSE|SUSE|Red Hat|Fedora|PCLinuxOS|Mageia|SerenityOS|(?:Free|Open|Net|\b)BSD)","['os','os_v1','os_v2','os_v3','os_v4']","['$1','$2','$3','$4','$5']"
265,0,"(VRE);","['os','os_v1','os_v2','os_v3','os_v4']","['$1','$2','$3','$4','$5']"
262,0,"(WebTV)/(\d+).(\d+)","['os','os_v1','os_v2','os_v3','os_v4']","['$1','$2','$3','$4','$5']"
118,0,"(Win 9x 4\.90)","['os','os_v1','os_v2','os_v3','os_v4']","['Windows','ME','$3','$4','$5']"
117,0,"(Win(?:dows NT |32NT\/)6\.0)","['os','os_v1','os_v2','os_v3','os_v4']","['Windows','Vista','$3','$4','$5']"
116,0,"(Win(?:dows NT |32NT\/)6\.1)","['os','os_v1','os_v2','os_v3','os_v4']","['Windows','7','$3','$4','$5']"
120,0,"(Win(?:dows NT |32NT\/)6\.2)","['os','os_v1','os_v2','os_v3','os_v4']","['Windows','8','$3','$4','$5']"
122,0,"(Win(?:dows NT |32NT\/)6\.3)","['os','os_v1','os_v2','os_v3','os_v4']","['Windows','8','1','$4','$5']"
123,0,"(Win(?:dows NT |32NT\/)6\.4)","['os','os_v1','os_v2','os_v3','os_v4']","['Windows','10','$3','$4','$5']"
126,0,"(WinNT4.0)","['os','os_v1','os_v2','os_v3','os_v4']","['Windows','NT 4.0','$3','$4','$5']"
115,0,"(Windows (?:NT 5\.2|NT 5\.1))","['os','os_v1','os_v2','os_v3','os_v4']","['Windows','XP','$3','$4','$5']"
114,0,"(Windows 10)","['os','os_v1','os_v2','os_v3','os_v4']","['Windows','10','$3','$4','$5']"
127,0,"(Windows ?CE)","['os','os_v1','os_v2','os_v3','os_v4']","['Windows','CE','$3','$4','$5']"
113,0,"(Windows ?Mobile)","['os','os_v1','os_v2','os_v3','os_v4']","['Windows Mobile','$2','$3','$4','$5']"
124,0,"(Windows NT 10\.0)","['os','os_v1','os_v2','os_v3','os_v4']","['Windows','10','$3','$4','$5']"
125,0,"(Windows NT 5\.0)","['os','os_v1','os_v2','os_v3','os_v4']","['Windows','2000','$3','$4','$5']"
119,0,"(Windows NT 6\.2; ARM;)","['os','os_v1','os_v2','os_v3','os_v4']","['Windows','RT','$3','$4','$5']"
121,0,"(Windows NT 6\.3; ARM;)","['os','os_v1','os_v2','os_v3','os_v4']","['Windows','RT 8','1','$4','$5']"
92,0,"(Windows Phone) (?:OS[ /])?(\d+)\.(\d+)","['os','os_v1','os_v2','os_v3','os_v4']","['$1','$2','$3','$4','$5']"
269,0,"(Windows|Android|WeTab|Maemo|Web0S)","['os','os_v1','os_v2','os_v3','os_v4']","['$1','$2','$3','$4','$5']"
112,0,"(XBLWP7)","['os','os_v1','os_v2','os_v3','os_v4']","['Windows Phone','$2','$3','$4','$5']"
230,0,"([Dd]ebian)","['os','os_v1','os_v2','os_v3','os_v4']","['Debian','$2','$3','$4','$5']"
108,0,"(android)\s(?:mobile\/)(\d+)(?:\.(\d+)(?:\.(\d+)|)|)","['os','os_v1','os_v2','os_v3','os_v4']","['Android','$2','$3','$4','$5']"
264,0,"(hpw|web)OS/(\d+)\.(\d+)(?:\.(\d+)|)","['os','os_v1','os_v2','os_v3','os_v4']","['webOS','$2','$3','$4','$5']"
146,0,"(iPhone|iPad|iPod).{0,100}Mac OS X.{0,100}Version/(\d+)\.(\d+)","['os','os_v1','os_v2','os_v3','os_v4']","['iOS','$2','$3','$4','$5']"
145,0,"(iPhone|iPad|iPod); Opera","['os','os_v1','os_v2','os_v3','os_v4']","['iOS','$2','$3','$4','$5']"
227,0,"(iPod|iPhone|iPad)","['os','os_v1','os_v2','os_v3','os_v4']","['iOS','$2','$3','$4','$5']"
228,0,"(tvOS)[/ ](\d+)\.(\d+)(?:\.(\d+)|)","['os','os_v1','os_v2','os_v3','os_v4']","['tvOS','$2','$3','$4','$5']"
225,0,"(watchOS)[/ ](\d+)\.(\d+)(?:\.(\d+)|)","['os','os_v1','os_v2','os_v3','os_v4']","['WatchOS','$2','$3','$4','$5']"
111,0,"(x86_64|aarch64)\ (\d+)\.(\d+)\.(\d+).{0,100}Chrome.{0,100}(?:CitrixChromeApp)$","['os','os_v1','os_v2','os_v3','os_v4']","['Chrome OS','$2','$3','$4','$5']"
12,1,"AEOHY","['browser','device','device_type','model','os_v1']","['','Echo Show 15 (2021)','TV','Echo Show 15 (2021)','7']"
1,0,"AFT","['brand','device_type','os']","['Amazon','TV','Fire OS']"
47,1,"AFTA","['browser','device','device_type','model','os_v1']","['','Fire TV Cube - 1st Gen (2018)','STB','Fire TV Cube - 1st Gen (2018)','6']"
15,1,"AFTANNA0","['browser','device','device_type','model','os_v1']","['','Xiaomi F2 4K - Fire TV (2022)','TV','Xiaomi F2 4K - Fire TV (2022)','7']"
19,1,"AFTANNA0","['browser','device','device_type','model','os_v1']","['','ok 4K - Fire TV (2021)','TV','ok 4K - Fire TV (2021)','7']"
54,1,"AFTB","['browser','device','device_type','model','os_v1']","['','Fire TV - 1st Gen (2014)','TV','Fire TV - 1st Gen (2014)','5']"
36,1,"AFTBAMR311","['browser','device','device_type','model','os_v1']","['','Toshiba HD - Fire TV (2018-2020)','TV','Toshiba HD - Fire TV (2018-2020)','6']"
2,1,"AFTBTX4","['browser','device','device_type','model','os_v1']","['','Redmi 108cm (43 inches) 4K Ultra HD smart LED Fire TV (2023)','TV','Redmi 108cm (43 inches) 4K Ultra HD smart LED Fire TV (2023)','7']"
27,1,"AFTBU001","['browser','device','device_type','model','os_v1']","['','AmazonBasics HD/FHD - Fire TV (2020)','TV','AmazonBasics HD/FHD - Fire TV (2020)','6']"
33,1,"AFTDCT31","['browser','device','device_type','model','os_v1']","['','Toshiba 4K UHD - Fire TV (2020)','TV','Toshiba 4K UHD - Fire TV (2020)','7']"
34,1,"AFTDCT31","['browser','device','device_type','model','os_v1']","['','Insignia 4K UHD - Fire TV (2020)','TV','Insignia 4K UHD - Fire TV (2020)','7']"
37,1,"AFTEAMR311","['browser','device','device_type','model','os_v1']","['','Insignia HD - Fire TV (2018-2020)','TV','Insignia HD - Fire TV (2018-2020)','6']"
45,1,"AFTEU011","['browser','device','device_type','model','os_v1']","['','Grundig Vision 6 HD - Fire TV (2019)','TV','Grundig Vision 6 HD - Fire TV (2019)','7']"
42,1,"AFTEU014","['browser','device','device_type','model','os_v1']","['','Grundig Vision 7, 4K - Fire TV (2019)','TV','Grundig Vision 7, 4K - Fire TV (2019)','7']"
41,1,"AFTEUFF014","['browser','device','device_type','model','os_v1']","['','Grundig OLED 4K - Fire TV (2019)','TV','Grundig OLED 4K - Fire TV (2019)','7']"
14,1,"AFTGAZL","['browser','device','device_type','model','os_v1']","['','Fire TV Cube - 3rd Gen (2022)','STB','Fire TV Cube - 3rd Gen (2022)','7']"
16,1,"AFTHA001","['browser','device','device_type','model','os_v1']","['','Hisense U6 4K UHD - Fire TV (2022)','TV','Hisense U6 4K UHD - Fire TV (2022)','7']"
25,1,"AFTHA001","['browser','device','device_type','model','os_v1']","['','Toshiba 4K UHD - Fire TV (2021)','TV','Toshiba 4K UHD - Fire TV (2021)','7']"
56,1,"AFTHA002","['browser','device','device_type','model','os_v1']","['','Toshiba V35 Series LED FHD/HD - Fire TV (2021)','TV','Toshiba V35 Series LED FHD/HD - Fire TV (2021)','7']"
20,1,"AFTHA003","['browser','device','device_type','model','os_v1']","['','Toshiba 4K Far-field UHD - Fire TV (2021)','TV','Toshiba 4K Far-field UHD - Fire TV (2021)','7']"
10,1,"AFTHA004","['browser','device','device_type','model','os_v1']","['','Toshiba 4K UHD - Fire TV (2022)','TV','Toshiba 4K UHD - Fire TV (2022)','7']"
46,1,"AFTJMST12","['browser','device','device_type','model','os_v1']","['','Insignia 4K - Fire TV (2018)','TV','Insignia 4K - Fire TV (2018)','6']"
18,1,"AFTJULI1","['browser','device','device_type','model','os_v1']","['','JVC 4K - Fire TV with Freeview Play (2021)','TV','JVC 4K - Fire TV with Freeview Play (2021)','7']"
21,1,"AFTKA","['browser','device','device_type','model','os_v1']","['','Fire TV Stick 4K Max - 1st Gen (2021)','STB','Fire TV Stick 4K Max - 1st Gen (2021)','7']"
9,1,"AFTKA002 / AFTKAUK002","['browser','device','device_type','model','os_v1']","['','Fire TV 2-Series (2023)','TV','Fire TV 2-Series (2023)','7']"
5,1,"AFTKM","['browser','device','device_type','model','os_v1']","['','Fire TV Stick 4K - 2nd Gen (2023) - 8 GB','STB','Fire TV Stick 4K - 2nd Gen (2023) - 8 GB','8']"
38,1,"AFTKMST12","['browser','device','device_type','model','os_v1']","['','Toshiba 4K - Fire TV (2018-2019)','TV','Toshiba 4K - Fire TV (2018-2019)','6']"
4,1,"AFTKRT","['browser','device','device_type','model','os_v1']","['','Fire TV Stick 4K Max - 2nd Gen (2023) - 16 GB','STB','Fire TV Stick 4K Max - 2nd Gen (2023) - 16 GB','8']"
11,1,"AFTLBT962E2","['browser','device','device_type','model','os_v1']","['','BMW (2022)','TV','BMW (2022)','7']"
39,1,"AFTLE","['browser','device','device_type','model','os_v1']","['','Onida HD - Fire TV (2019)','TV','Onida HD - Fire TV (2019)','6']"
22,1,"AFTLFT962X3","['browser','device','device_type','model','os_v1']","['','Stellantis (Jeep) - Wagoneer/Grand Wagoneer','TV','Stellantis (Jeep) - Wagoneer/Grand Wagoneer','7']"
53,1,"AFTM","['browser','device','device_type','model','os_v1']","['','Fire TV Stick - 1st Gen (2014)','STB','Fire TV Stick - 1st Gen (2014)','5']"
7,1,"AFTMD001","['browser','device','device_type','model','os_v1']","['','Fire TV - TCL S4 Series 4K UHD HDR LED (2023)','TV','Fire TV - TCL S4 Series 4K UHD HDR LED (2023)','7']"
8,1,"AFTMD001","['browser','device','device_type','model','os_v1']","['','Fire TV - TCL Q6 4K QLED HDR (2023)','TV','Fire TV - TCL Q6 4K QLED HDR (2023)','7']"
3,1,"AFTMD002","['browser','device','device_type','model','os_v1']","['','TCL Class S3 1080p LED Smart TV with Fire TV (2023)','TV','TCL Class S3 1080p LED Smart TV with Fire TV (2023)','7']"
44,1,"AFTMM","['browser','device','device_type','model','os_v1']","['','Nebula Soundbar - Fire TV Edition (2019)','STB','Nebula Soundbar - Fire TV Edition (2019)','6']"
48,1,"AFTMM","['browser','device','device_type','model','os_v1']","['','Fire TV Stick 4K - 1st Gen (2018)','STB','Fire TV Stick 4K - 1st Gen (2018)','6']"
55,1,"AFTMM","['browser','device','device_type','model','os_v1']","['','TCL Soundbar with Built-in Subwoofer - Fire TV Edition (2019)','STB','TCL Soundbar with Built-in Subwoofer - Fire TV Edition (2019)','6']"
17,1,"AFTMON001, AFTMON002","['browser','device','device_type','model','os_v1']","['','Funai 4K - Fire TV (2022)','TV','Funai 4K - Fire TV (2022)','7']"
51,1,"AFTN","['browser','device','device_type','model','os_v1']","['','Fire TV - 3rd Gen (2017)','TV','Fire TV - 3rd Gen (2017)','6']"
26,1,"AFTPR001","['browser','device','device_type','model','os_v1']","['','AmazonBasics 4K - Fire TV (2020)','TV','AmazonBasics 4K - Fire TV (2020)','7']"
40,1,"AFTR","['browser','device','device_type','model','os_v1']","['','Fire TV Cube - 2nd Gen (2019)','STB','Fire TV Cube - 2nd Gen (2019)','7']"
50,1,"AFTRS","['browser','device','device_type','model','os_v1']","['','Element 4K - Fire TV (2017)','TV','Element 4K - Fire TV (2017)','5']"
52,1,"AFTS","['browser','device','device_type','model','os_v1']","['','Fire TV - 2nd Gen (2015)','TV','Fire TV - 2nd Gen (2015)','5']"
6,1,"AFTSHN02","['browser','device','device_type','model','os_v1']","['','TCL 32"" FHD, 40"" FHD Fire TV (2023)','TV','TCL 32"" FHD, 40"" FHD Fire TV (2023)','7']"
43,1,"AFTSO001","['browser','device','device_type','model','os_v1']","['','JVC 4K - Fire TV (2019)','TV','JVC 4K - Fire TV (2019)','7']"
32,1,"AFTSS","['browser','device','device_type','model','os_v1']","['','Fire TV Stick Lite - 1st Gen (2020)','STB','Fire TV Stick Lite - 1st Gen (2020)','7']"
31,1,"AFTSSS","['browser','device','device_type','model','os_v1']","['','Fire TV Stick - 3rd Gen (2020)','STB','Fire TV Stick - 3rd Gen (2020)','7']"
35,1,"AFTT","['browser','device','device_type','model','os_v1']","['','Fire TV Stick - 2nd Gen (2016-2019)','STB','Fire TV Stick - 2nd Gen (2016-2019)','5']"
49,1,"AFTT","['browser','device','device_type','model','os_v1']","['','Fire TV Stick - Basic Edition (2017)','STB','Fire TV Stick - Basic Edition (2017)','5']"
24,1,"AFTTI43","['browser','device','device_type','model','os_v1']","['','Fire TV 4-Series (2021)','TV','Fire TV 4-Series (2021)','7']"
13,1,"AFTTIFF43","['browser','device','device_type','model','os_v1']","['','Fire TV Omni QLED Series (2022)','TV','Fire TV Omni QLED Series (2022)','7']"
23,1,"AFTTIFF43","['browser','device','device_type','model','os_v1']","['','Fire TV Omni Series (2021)','TV','Fire TV Omni Series (2021)','7']"
29,1,"AFTTIFF55","['browser','device','device_type','model','os_v1']","['','Onida HD/FHD - Fire TV (2020) [Available in two sizes]','TV','Onida HD/FHD - Fire TV (2020) [Available in two sizes]','6']"
30,1,"AFTWI001","['browser','device','device_type','model','os_v1']","['','ok 4K - Fire TV (2020)','TV','ok 4K - Fire TV (2020)','7']"
28,1,"AFTWMST22","['browser','device','device_type','model','os_v1']","['','JVC 2K - Fire TV (2020)','TV','JVC 2K - Fire TV (2020)','7']"
69,65,"Android/(?:14|15|16|17|18|19|20)\D","[]","[]"
66,65,"Android/(?:1|2|3|4)\D","[]","[]"
70,65,"Android/(?:21|22)\D","[]","[]"
71,65,"Android/(?:23)\D","[]","[]"
72,65,"Android/(?:24|25)\D","[]","[]"
73,65,"Android/(?:26|27)\D","[]","[]"
74,65,"Android/(?:28)\D","[]","[]"
75,65,"Android/(?:29)\D","[]","[]"
76,65,"Android/(?:30)\D","[]","[]"
77,65,"Android/(?:31|32)\D","[]","[]"
78,65,"Android/(?:33)\D","[]","[]"
79,65,"Android/(?:34)\D","[]","[]"
67,65,"Android/(?:5|6|7|8|9|10)\D","[]","[]"
68,65,"Android/(?:5|6|7|8|9|10)\D","[]","[]"
95,0,"ArcGISRuntime-(?:Android|iOS)\/\d+\.\d+(?:\.\d+|) \((Android|iOS) (\d+)(?:\.(\d+)(?:\.(\d+)|)|);","['os','os_v1','os_v2','os_v3','os_v4']","['$1','$2','$3','$4','$5']"
94,0,"ArcGIS\.?(iOS|Android)-\d+\.\d+(?:\.\d+|)(?:[^\/]{1,50}|)\/(\d+)(?:\.(\d+)(?:\.(\d+)|)|)","['os','os_v1','os_v2','os_v3','os_v4']","['$1','$2','$3','$4','$5']"
91,0,"AspiegelBot|PetalBot","['os','os_v1','os_v2','os_v3','os_v4']","['Other','$2','$3','$4','$5']"
260,0,"BMP;","['os','os_v1','os_v2','os_v3','os_v4']","['Brew MP','$2','$3','$4','$5']"
222,0,"CFNetwork/.{0,100} Darwin/","['os','os_v1','os_v2','os_v3','os_v4']","['iOS','$2','$3','$4','$5']"
171,0,"CFNetwork/.{0,100} Darwin/(10)\.\d+","['os','os_v1','os_v2','os_v3','os_v4']","['iOS','4','$3','$4','$5']"
172,0,"CFNetwork/.{0,100} Darwin/(11)\.\d+","['os','os_v1','os_v2','os_v3','os_v4']","['iOS','5','$3','$4','$5']"
173,0,"CFNetwork/.{0,100} Darwin/(13)\.\d+","['os','os_v1','os_v2','os_v3','os_v4']","['iOS','6','$3','$4','$5']"
207,0,"CFNetwork/.{0,100} Darwin/(20)\.\d+","['os','os_v1','os_v2','os_v3','os_v4']","['iOS','14','$3','$4','$5']"
215,0,"CFNetwork/.{0,100} Darwin/(21)\.\d+","['os','os_v1','os_v2','os_v3','os_v4']","['iOS','15','$3','$4','$5']"
221,0,"CFNetwork/.{0,100} Darwin/(22)\.\d+","['os','os_v1','os_v2','os_v3','os_v4']","['iOS','16','$3','$4','$5']"
170,0,"CFNetwork/.{0,100} Darwin/(9)\.\d+","['os','os_v1','os_v2','os_v3','os_v4']","['iOS','1','$3','$4','$5']"
168,0,"CFNetwork/.{0,100} Darwin/16\.\d+.{0,100}\(x86_64\)","['os','os_v1','os_v2','os_v3','os_v4']","['Mac OS X','10','12','$4','$5']"
167,0,"CFNetwork/.{0,100} Darwin/17\.\d+.{0,100}\(x86_64\)","['os','os_v1','os_v2','os_v3','os_v4']","['Mac OS X','10','13','$4','$5']"
216,0,"CFNetwork/.{0,100} Darwin/22\.0\.\d+","['os','os_v1','os_v2','os_v3','os_v4']","['iOS','16','0','$4','$5']"
217,0,"CFNetwork/.{0,100} Darwin/22\.1\.\d+","['os','os_v1','os_v2','os_v3','os_v4']","['iOS','16','1','$4','$5']"
218,0,"CFNetwork/.{0,100} Darwin/22\.2\.\d+","['os','os_v1','os_v2','os_v3','os_v4']","['iOS','16','2','$4','$5']"
219,0,"CFNetwork/.{0,100} Darwin/22\.3\.\d+","['os','os_v1','os_v2','os_v3','os_v4']","['iOS','16','3','$4','$5']"
220,0,"CFNetwork/.{0,100} Darwin/22\.4\.\d+","['os','os_v1','os_v2','os_v3','os_v4']","['iOS','16','4','$4','$5']"
195,0,"CFNetwork/11.{0,100} Darwin/19\.2\.\d+","['os','os_v1','os_v2','os_v3','os_v4']","['iOS','13','3','$4','$5']"
196,0,"CFNetwork/11.{0,100} Darwin/19\.3\.\d+","['os','os_v1','os_v2','os_v3','os_v4']","['iOS','13','3','1','$5']"
197,0,"CFNetwork/11.{0,100} Darwin/19\.4\.\d+","['os','os_v1','os_v2','os_v3','os_v4']","['iOS','13','4','$4','$5']"
198,0,"CFNetwork/11.{0,100} Darwin/19\.5\.\d+","['os','os_v1','os_v2','os_v3','os_v4']","['iOS','13','5','$4','$5']"
199,0,"CFNetwork/11.{0,100} Darwin/19\.6\.\d+","['os','os_v1','os_v2','os_v3','os_v4']","['iOS','13','6','$4','$5']"
201,0,"CFNetwork/12.{0,100} Darwin/20\.1\.\d+","['os','os_v1','os_v2','os_v3','os_v4']","['iOS','14','2','$4','$5']"
202,0,"CFNetwork/12.{0,100} Darwin/20\.2\.\d+","['os','os_v1','os_v2','os_v3','os_v4']","['iOS','14','3','$4','$5']"
203,0,"CFNetwork/12.{0,100} Darwin/20\.3\.\d+","['os','os_v1','os_v2','os_v3','os_v4']","['iOS','14','4','$4','$5']"
204,0,"CFNetwork/12.{0,100} Darwin/20\.4\.\d+","['os','os_v1','os_v2','os_v3','os_v4']","['iOS','14','5','$4','$5']"
205,0,"CFNetwork/12.{0,100} Darwin/20\.5\.\d+","['os','os_v1','os_v2','os_v3','os_v4']","['iOS','14','6','$4','$5']"
206,0,"CFNetwork/12.{0,100} Darwin/20\.6\.\d+","['os','os_v1','os_v2','os_v3','os_v4']","['iOS','14','8','$4','$5']"
208,0,"CFNetwork/13.{0,100} Darwin/21\.0\.\d+","['os','os_v1','os_v2','os_v3','os_v4']","['iOS','15','0','$4','$5']"
209,0,"CFNetwork/13.{0,100} Darwin/21\.1\.\d+","['os','os_v1','os_v2','os_v3','os_v4']","['iOS','15','1','$4','$5']"
210,0,"CFNetwork/13.{0,100} Darwin/21\.2\.\d+","['os','os_v1','os_v2','os_v3','os_v4']","['iOS','15','2','$4','$5']"
211,0,"CFNetwork/13.{0,100} Darwin/21\.3\.\d+","['os','os_v1','os_v2','os_v3','os_v4']","['iOS','15','3','$4','$5']"
212,0,"CFNetwork/13.{0,100} Darwin/21\.4\.\d+","['os','os_v1','os_v2','os_v3','os_v4']","['iOS','15','4','$4','$5']"
213,0,"CFNetwork/13.{0,100} Darwin/21\.5\.\d+","['os','os_v1','os_v2','os_v3','os_v4']","['iOS','15','5','$4','$5']"
214,0,"CFNetwork/13.{0,100} Darwin/21\.6\.\d+","['os','os_v1','os_v2','os_v3','os_v4']","['iOS','15','6','$4','$5']"
200,0,"CFNetwork/1[01].{0,100} Darwin/19\.\d+","['os','os_v1','os_v2','os_v3','os_v4']","['iOS','13','$3','$4','$5']"
174,0,"CFNetwork/6.{0,100} Darwin/(14)\.\d+","['os','os_v1','os_v2','os_v3','os_v4']","['iOS','7','$3','$4','$5']"
175,0,"CFNetwork/7.{0,100} Darwin/(14)\.\d+","['os','os_v1','os_v2','os_v3','os_v4']","['iOS','8','0','$4','$5']"
176,0,"CFNetwork/7.{0,100} Darwin/(15)\.\d+","['os','os_v1','os_v2','os_v3','os_v4']","['iOS','9','0','$4','$5']"
161,0,"CFNetwork/7.{0,100} Darwin/15\.4\.\d+","['os','os_v1','os_v2','os_v3','os_v4']","['iOS','9','3','1','$5']"
162,0,"CFNetwork/7.{0,100} Darwin/15\.5\.\d+","['os','os_v1','os_v2','os_v3','os_v4']","['iOS','9','3','2','$5']"
163,0,"CFNetwork/7.{0,100} Darwin/15\.6\.\d+","['os','os_v1','os_v2','os_v3','os_v4']","['iOS','9','3','5','$5']"
180,0,"CFNetwork/8.{0,100} Darwin/(16)\.\d+","['os','os_v1','os_v2','os_v3','os_v4']","['iOS','10','$3','$4','$5']"
188,0,"CFNetwork/8.{0,100} Darwin/(17)\.\d+","['os','os_v1','os_v2','os_v3','os_v4']","['iOS','11','$3','$4','$5']"
169,0,"CFNetwork/8.{0,100} Darwin/15\.\d+.{0,100}\(x86_64\)","['os','os_v1','os_v2','os_v3','os_v4']","['Mac OS X','10','11','$4','$5']"
177,0,"CFNetwork/8.{0,100} Darwin/16\.5\.\d+","['os','os_v1','os_v2','os_v3','os_v4']","['iOS','10','3','$4','$5']"
178,0,"CFNetwork/8.{0,100} Darwin/16\.6\.\d+","['os','os_v1','os_v2','os_v3','os_v4']","['iOS','10','3','2','$5']"
179,0,"CFNetwork/8.{0,100} Darwin/16\.7\.\d+","['os','os_v1','os_v2','os_v3','os_v4']","['iOS','10','3','3','$5']"
181,0,"CFNetwork/8.{0,100} Darwin/17\.0\.\d+","['os','os_v1','os_v2','os_v3','os_v4']","['iOS','11','0','$4','$5']"
182,0,"CFNetwork/8.{0,100} Darwin/17\.2\.\d+","['os','os_v1','os_v2','os_v3','os_v4']","['iOS','11','1','$4','$5']"
183,0,"CFNetwork/8.{0,100} Darwin/17\.3\.\d+","['os','os_v1','os_v2','os_v3','os_v4']","['iOS','11','2','$4','$5']"
184,0,"CFNetwork/8.{0,100} Darwin/17\.4\.\d+","['os','os_v1','os_v2','os_v3','os_v4']","['iOS','11','2','6','$5']"
185,0,"CFNetwork/8.{0,100} Darwin/17\.5\.\d+","['os','os_v1','os_v2','os_v3','os_v4']","['iOS','11','3','$4','$5']"
165,0,"CFNetwork/808\.3 Darwin/16\.3\.\d+","['os','os_v1','os_v2','os_v3','os_v4']","['iOS','10','2','1','$5']"
194,0,"CFNetwork/9.{0,100} Darwin/(18)\.\d+","['os','os_v1','os_v2','os_v3','os_v4']","['iOS','12','$3','$4','$5']"
186,0,"CFNetwork/9.{0,100} Darwin/17\.6\.\d+","['os','os_v1','os_v2','os_v3','os_v4']","['iOS','11','4','$4','$5']"
187,0,"CFNetwork/9.{0,100} Darwin/17\.7\.\d+","['os','os_v1','os_v2','os_v3','os_v4']","['iOS','11','4','1','$5']"
189,0,"CFNetwork/9.{0,100} Darwin/18\.0\.\d+","['os','os_v1','os_v2','os_v3','os_v4']","['iOS','12','0','$4','$5']"
190,0,"CFNetwork/9.{0,100} Darwin/18\.2\.\d+","['os','os_v1','os_v2','os_v3','os_v4']","['iOS','12','1','$4','$5']"
191,0,"CFNetwork/9.{0,100} Darwin/18\.5\.\d+","['os','os_v1','os_v2','os_v3','os_v4']","['iOS','12','2','$4','$5']"
192,0,"CFNetwork/9.{0,100} Darwin/18\.6\.\d+","['os','os_v1','os_v2','os_v3','os_v4']","['iOS','12','3','$4','$5']"
193,0,"CFNetwork/9.{0,100} Darwin/18\.7\.\d+","['os','os_v1','os_v2','os_v3','os_v4']","['iOS','12','4','$4','$5']"
83,0,"HbbTV/1.1.1 \(;;;;;\) Maple_2011","['os','os_v1','os_v2','os_v3','os_v4']","['Samsung','2011','$3','$4','$5']"
88,0,"HbbTV/1\.1\.1 \(; (Philips);.{0,200}NETTV/2","['os','os_v1','os_v2','os_v3','os_v4']","['$1','2011','$3','$4','$5']"
87,0,"HbbTV/1\.1\.1 \(; (Philips);.{0,200}NETTV/3","['os','os_v1','os_v2','os_v3','os_v4']","['$1','2012','$3','$4','$5']"
86,0,"HbbTV/1\.1\.1 \(; (Philips);.{0,200}NETTV/4","['os','os_v1','os_v2','os_v3','os_v4']","['$1','2013','$3','$4','$5']"
82,0,"HbbTV/\d+\.\d+\.\d+ \( ;(LG)E ;NetCast 3.0","['os','os_v1','os_v2','os_v3','os_v4']","['$1','2012','$3','$4','$5']"
81,0,"HbbTV/\d+\.\d+\.\d+ \( ;(LG)E ;NetCast 4.0","['os','os_v1','os_v2','os_v3','os_v4']","['$1','2013','$3','$4','$5']"
90,0,"HbbTV/\d+\.\d+\.\d+ \(.{0,30}; ?([a-zA-Z]+) ?;.{0,30}(201[1-9]).{0,30}\)","['os','os_v1','os_v2','os_v3','os_v4']","['$1','$2','$3','$4','$5']"
84,0,"HbbTV/\d+\.\d+\.\d+ \(;(Samsung);SmartTV([0-9]{4});.{0,200}FXPDEUC","['os','os_v1','os_v2','os_v3','os_v4']","['$1','$2','UE40F7000','$4','$5']"
85,0,"HbbTV/\d+\.\d+\.\d+ \(;(Samsung);SmartTV([0-9]{4});.{0,200}MST12DEUC","['os','os_v1','os_v2','os_v3','os_v4']","['$1','$2','UE32F4500','$4','$5']"
89,0,"HbbTV/\d+\.\d+\.\d+.{0,100}(firetv)-firefox-plugin (\d+).(\d+).(\d+)","['os','os_v1','os_v2','os_v3','os_v4']","['FireHbbTV','$2','$3','$4','$5']"
134,0,"Mac OS X\s.{1,50}\s(\d+).(\d+).(\d+)","['os','os_v1','os_v2','os_v3','os_v4']","['Mac OS X','$1','$2','$3','$5']"
140,0,"Mac_PowerPC","['os','os_v1','os_v2','os_v3','os_v4']","['Mac OS','$2','$3','$4','$5']"
226,0,"Outlook-(iOS)/\d+\.\d+\.prod\.iphone","['os','os_v1','os_v2','os_v3','os_v4']","['$1','$2','$3','$4','$5']"
109,0,"Quest","['os','os_v1','os_v2','os_v3','os_v4']","['Android','$2','$3','$4','$5']"
241,0,"Series30Plus;","['os','os_v1','os_v2','os_v3','os_v4']","['Nokia Series 30 Plus','$2','$3','$4','$5']"
240,0,"Series40;","['os','os_v1','os_v2','os_v3','os_v4']","['Nokia Series 40','$2','$3','$4','$5']"
272,0,"SunOS","['os','os_v1','os_v2','os_v3','os_v4']","['Solaris','$2','$3','$4','$5']"
239,0,"Symbian [Oo][Ss]","['os','os_v1','os_v2','os_v3','os_v4']","['Symbian OS','$2','$3','$4','$5']"
128,0,"Win(?:dows)? ?(95|98|3.1|NT|ME|2000|XP|Vista|7|CE)","['os','os_v1','os_v2','os_v3','os_v4']","['Windows','$1','$3','$4','$5']"
129,0,"Win16","['os','os_v1','os_v2','os_v3','os_v4']","['Windows','3.1','$3','$4','$5']"
130,0,"Win32","['os','os_v1','os_v2','os_v3','os_v4']","['Windows','95','$3','$4','$5']"
278,0,"Windows","['device_type']","['DESKTOP']"
256,0,"\((?:Mobile|Tablet);.{1,200}Firefox/\d+\.\d+","['os','os_v1','os_v2','os_v3','os_v4']","['Firefox OS','$2','$3','$4','$5']"
249,0,"\((?:Mobile|Tablet);.{1,200}Gecko/18.0 Firefox/\d+\.\d+","['os','os_v1','os_v2','os_v3','os_v4']","['Firefox OS','1','0','1','$5']"
250,0,"\((?:Mobile|Tablet);.{1,200}Gecko/18.1 Firefox/\d+\.\d+","['os','os_v1','os_v2','os_v3','os_v4']","['Firefox OS','1','1','$4','$5']"
251,0,"\((?:Mobile|Tablet);.{1,200}Gecko/26.0 Firefox/\d+\.\d+","['os','os_v1','os_v2','os_v3','os_v4']","['Firefox OS','1','2','$4','$5']"
252,0,"\((?:Mobile|Tablet);.{1,200}Gecko/28.0 Firefox/\d+\.\d+","['os','os_v1','os_v2','os_v3','os_v4']","['Firefox OS','1','3','$4','$5']"
253,0,"\((?:Mobile|Tablet);.{1,200}Gecko/30.0 Firefox/\d+\.\d+","['os','os_v1','os_v2','os_v3','os_v4']","['Firefox OS','1','4','$4','$5']"
254,0,"\((?:Mobile|Tablet);.{1,200}Gecko/32.0 Firefox/\d+\.\d+","['os','os_v1','os_v2','os_v3','os_v4']","['Firefox OS','2','0','$4','$5']"
255,0,"\((?:Mobile|Tablet);.{1,200}Gecko/34.0 Firefox/\d+\.\d+","['os','os_v1','os_v2','os_v3','os_v4']","['Firefox OS','2','1','$4','$5']"
268,0,"\((Bada);","['os','os_v1','os_v2','os_v3','os_v4']","['$1','$2','$3','$4','$5']"
275,0,"\((freebsd)(\d+)\.(\d+)\)","['os','os_v1','os_v2','os_v3','os_v4']","['FreeBSD','$2','$3','$4','$5']"
224,0,"\((iOS);","['os','os_v1','os_v2','os_v3','os_v4']","['$1','$2','$3','$4','$5']"
65,0,"\([^,]+,[^,]+,([^,]+),([^,]+)\) Android/\d+","['brand','device_type','os']","['$1','$2','Android']"
57,0,"\([^,]+,[^,]+,[^,]+,([^,]+)\) Android/\d+","['device_type']","['$1']"
273,0,"\(linux-gnu\)","['os','os_v1','os_v2','os_v3','os_v4']","['Linux','$2','$3','$4','$5']"
274,0,"\(x86_64-redhat-linux-gnu\)","['os','os_v1','os_v2','os_v3','os_v4']","['Red Hat','$2','$3','$4','$5']"
237,0,"\b(Series 60|SymbOS|S60Version|S60V\d|S60\b)","['os','os_v1','os_v2','os_v3','os_v4']","['Symbian OS','$2','$3','$4','$5']"
223,0,"\b(iOS[ /]|iOS; |iPhone(?:/| v|[ _]OS[/,]|; | OS : |\d,\d/|\d,\d; )|iPad/)(\d{1,2})[_\.](\d{1,2})(?:[_\.](\d+)|)","['os','os_v1','os_v2','os_v3','os_v4']","['iOS','$2','$3','$4','$5']"
107,0,"^(JUC).{0,200}; ?U; ?(?:Android|)(\d+)\.(\d+)(?:[\.\-]([a-z0-9]{1,100})|)","['os','os_v1','os_v2','os_v3','os_v4']","['Android','$2','$3','$4','$5']"
58,0,"^(Roku)/DVP-(\d+)\.(\d+)","['browser','device_type','os','os_v1','os_v2']","['','STB','$1','$2','$3']"
277,0,"^(Roku)/DVP-(\d+)\.(\d+)","['os','os_v1','os_v2','os_v3','os_v4']","['$1','$2','$3','$4','$5']"
80,0,"^(\w+)\s+CDN$","['os']","['$1']"
142,0,"^Box.{0,200};(Darwin)/(10)\.(1\d)(?:\.(\d+)|)","['os','os_v1','os_v2','os_v3','os_v4']","['Mac OS X','$2','$3','$4','$5']"
131,0,"^Box.{0,200}Windows/([\d.]+);","['os','os_v1','os_v2','os_v3','os_v4']","['Windows','$1','$3','$4','$5']"
60,0,"^FetchTV","['browser','device_type','os']","['','STB','Linux']"
59,0,"^Fire OS/(\d+).(\d+)","['browser','device_type','os','os_v1','os_v2']","['','STB','Fire OS','$1','$2']"
62,0,"^Lavf/\d+,\d+,\d+$","['device_type']","['DESKTOP']"
104,0,"^UCWEB.{0,200}; (Adr) (\d+)\.(\d+)(?:[.\-]([a-z0-9]{1,100})|);","['os','os_v1','os_v2','os_v3','os_v4']","['Android','$2','$3','$4','$5']"
105,0,"^UCWEB.{0,200}; (iPad|iPh|iPd) OS (\d+)_(\d+)(?:_(\d+)|);","['os','os_v1','os_v2','os_v3','os_v4']","['iOS','$2','$3','$4','$5']"
106,0,"^UCWEB.{0,200}; (wds) (\d+)\.(\d+)(?:\.(\d+)|);","['os','os_v1','os_v2','os_v3','os_v4']","['Windows Phone','$2','$3','$4','$5']"
63,0,"^VLC","['device_type']","['DESKTOP']"
64,0,"^curl","['device_type']","['DESKTOP']"
276,0,"linux","['os','os_v1','os_v2','os_v3','os_v4']","['Linux','$2','$3','$4','$5']"
